1	а	а	CCONJ	_	_	_	_	_	@nvs1967f-words#@nvs1967f#3537.889#3538.333
2	я	я	PRON	_	Case=Nom|Number=Sing|Person=1	_	_	_	@nvs1967f-words#@nvs1967f#3538.333#3538.777
3	анонсируя	анонсировать	VERB	_	Aspect=Imp|Tense=Pres|VerbForm=Conv|Voice=Act	_	_	_	@nvs1967f-words#@nvs1967f#3538.777#3539.221
4	будущие	будущий	ADJ	_	Animacy=Inan|Case=Acc|Degree=Pos|Number=Plur	_	_	_	@nvs1967f-words#@nvs1967f#3539.221#3539.665
5	/	/	PUNCT	_	_	_	_	_	@nvs1967f-words#@nvs1967f#3539.665#3540.109
6	серии	серия	NOUN	_	Animacy=Inan|Case=Acc|Gender=Fem|Number=Plur	_	_	_	@nvs1967f-words#@nvs1967f#3540.109#3540.553
7	этого	этот	PRON	_	Animacy=Inan|Case=Gen|Gender=Masc|Number=Sing	_	_	_	@nvs1967f-words#@nvs1967f#3540.553#3541.0
8	ээ	ээ	INTJ	_	_	_	_	_	@nvs1967f-words#@nvs1967f#3541.8#3542.093
9	/	/	PUNCT	_	_	_	_	_	@nvs1967f-words#@nvs1967f#3542.093#3542.386
10	документального	документальный	ADJ	_	Case=Gen|Degree=Pos|Gender=Masc|Number=Sing	_	_	_	@nvs1967f-words#@nvs1967f#3542.386#3542.679
11	сериала	сериал	NOUN	_	Animacy=Inan|Case=Gen|Gender=Masc|Number=Sing	_	_	_	@nvs1967f-words#@nvs1967f#3542.679#3542.972
12	хочу	хотеть	VERB	_	Aspect=Imp|Mood=Ind|Number=Sing|Person=1|Tense=Pres|VerbForm=Fin|Voice=Act	_	_	_	@nvs1967f-words#@nvs1967f#3542.972#3543.265
13	вам	вы	PRON	_	Case=Dat|Number=Plur|Person=2	_	_	_	@nvs1967f-words#@nvs1967f#3543.265#3543.558
14	сказать	сказать	VERB	_	Aspect=Perf|VerbForm=Inf|Voice=Act	_	_	_	@nvs1967f-words#@nvs1967f#3543.558#3543.851
15	что	что	SCONJ	_	_	_	_	_	@nvs1967f-words#@nvs1967f#3543.851#3544.144
16	если	если	SCONJ	_	_	_	_	_	@nvs1967f-words#@nvs1967f#3544.144#3544.437
17	бы	бы	AUX	_	_	_	_	_	@nvs1967f-words#@nvs1967f#3544.437#3544.73
18	те	тот	DET	_	Case=Nom|Number=Plur	_	_	_	@nvs1967f-words#@nvs1967f#3544.73#3545.023
19	люди	человек	NOUN	_	Animacy=Anim|Case=Nom|Gender=Masc|Number=Plur	_	_	_	@nvs1967f-words#@nvs1967f#3545.023#3545.316
20	/	/	PUNCT	_	_	_	_	_	@nvs1967f-words#@nvs1967f#3545.316#3545.609
21	которых	который	SCONJ	_	Case=Gen	_	_	_	@nvs1967f-words#@nvs1967f#3545.609#3545.902
22	маленькая	маленький	ADJ	_	Case=Nom|Degree=Pos|Gender=Fem|Number=Sing	_	_	_	@nvs1967f-words#@nvs1967f#3545.902#3546.195
23	/	/	PUNCT	_	_	_	_	_	@nvs1967f-words#@nvs1967f#3546.195#3546.488
24	Люда	Люда	PROPN	_	Animacy=Anim|Case=Nom|Gender=Fem|Number=Sing	_	_	_	@nvs1967f-words#@nvs1967f#3546.488#3546.781
25	приглашала	приглашать	VERB	_	Aspect=Imp|Gender=Fem|Mood=Ind|Number=Sing|Tense=Past|VerbForm=Fin|Voice=Act	_	_	_	@nvs1967f-words#@nvs1967f#3546.781#3547.074
26	через	через	ADP	_	_	_	_	_	@nvs1967f-words#@nvs1967f#3547.074#3547.367
27	20	20	NUM	_	_	_	_	_	@nvs1967f-words#@nvs1967f#3547.367#3547.66
28	лет	год	NOUN	_	Animacy=Inan|Case=Gen|Gender=Masc|Number=Plur	_	_	_	@nvs1967f-words#@nvs1967f#3547.66#3547.953
29	в	в	ADP	_	_	_	_	_	@nvs1967f-words#@nvs1967f#3547.953#3548.246
30	театр	театр	NOUN	_	Animacy=Inan|Case=Acc|Gender=Masc|Number=Sing	_	_	_	@nvs1967f-words#@nvs1967f#3548.246#3548.539
31	/	/	PUNCT	_	_	_	_	_	@nvs1967f-words#@nvs1967f#3548.539#3548.832
32	через	через	ADP	_	_	_	_	_	@nvs1967f-words#@nvs1967f#3548.832#3549.125
33	20	20	NUM	_	_	_	_	_	@nvs1967f-words#@nvs1967f#3549.125#3549.418
34	лет	год	NOUN	_	Animacy=Inan|Case=Gen|Gender=Masc|Number=Plur	_	_	_	@nvs1967f-words#@nvs1967f#3549.418#3549.711
35	пришли	прийти	VERB	_	Aspect=Perf|Mood=Ind|Number=Plur|Tense=Past|VerbForm=Fin|Voice=Act	_	_	_	@nvs1967f-words#@nvs1967f#3549.711#3550.004
36	бы	бы	AUX	_	_	_	_	_	@nvs1967f-words#@nvs1967f#3550.004#3550.297
37	в	в	ADP	_	_	_	_	_	@nvs1967f-words#@nvs1967f#3550.297#3550.59
38	театр	театр	NOUN	_	Animacy=Inan|Case=Acc|Gender=Masc|Number=Sing	_	_	_	@nvs1967f-words#@nvs1967f#3550.59#3550.883
39	для	для	ADP	_	_	_	_	_	@nvs1967f-words#@nvs1967f#3550.883#3551.176
40	того	то	PRON	_	Animacy=Inan|Case=Gen|Gender=Neut|Number=Sing	_	_	_	@nvs1967f-words#@nvs1967f#3551.176#3551.469
41	чтобы	чтобы	SCONJ	_	Mood=Cnd	_	_	_	@nvs1967f-words#@nvs1967f#3551.469#3551.762
42	её	она	PRON	_	Case=Acc|Gender=Fem|Number=Sing|Person=3	_	_	_	@nvs1967f-words#@nvs1967f#3551.762#3552.055
43	увидеть	увидеть	VERB	_	Aspect=Perf|VerbForm=Inf|Voice=Act	_	_	_	@nvs1967f-words#@nvs1967f#3552.055#3552.348
44	/	/	PUNCT	_	_	_	_	_	@nvs1967f-words#@nvs1967f#3552.348#3552.641
45	им	они	PRON	_	Case=Dat|Number=Plur|Person=3	_	_	_	@nvs1967f-words#@nvs1967f#3552.641#3552.934
46	пришлось	прийтись	VERB	_	Aspect=Perf|Gender=Neut|Mood=Ind|Number=Sing|Tense=Past|VerbForm=Fin|Voice=Mid	_	_	_	@nvs1967f-words#@nvs1967f#3552.934#3553.227
47	/	/	PUNCT	_	_	_	_	_	@nvs1967f-words#@nvs1967f#3553.227#3553.52
48	бы	бы	PART	_	_	_	_	_	@nvs1967f-words#@nvs1967f#3553.52#3553.813
49	прийти	прийти	VERB	_	Aspect=Perf|VerbForm=Inf|Voice=Act	_	_	_	@nvs1967f-words#@nvs1967f#3553.813#3554.106
50	в	в	ADP	_	_	_	_	_	@nvs1967f-words#@nvs1967f#3554.106#3554.399
51	театр	театр	NOUN	_	Animacy=Inan|Case=Acc|Gender=Masc|Number=Sing	_	_	_	@nvs1967f-words#@nvs1967f#3554.399#3554.692
52	Каргопольлага	Каргопольлаг	PROPN	_	Animacy=Inan|Case=Gen|Gender=Masc|Number=Sing	_	_	_	@nvs1967f-words#@nvs1967f#3554.692#3555.0
53	потому	потому	ADV	_	Degree=Pos	_	_	_	@nvs1967f-words#@nvs1967f#3555.4#3555.725
54	что	что	SCONJ	_	_	_	_	_	@nvs1967f-words#@nvs1967f#3555.725#3556.05
55	там	там	ADV	_	Degree=Pos	_	_	_	@nvs1967f-words#@nvs1967f#3556.05#3556.375
56	Люда	Люда	PROPN	_	Animacy=Anim|Case=Nom|Gender=Fem|Number=Sing	_	_	_	@nvs1967f-words#@nvs1967f#3556.375#3556.7
57	действительно	действительно	ADV	_	Degree=Pos	_	_	_	@nvs1967f-words#@nvs1967f#3556.7#3557.025
58	была	быть	AUX	_	Aspect=Imp|Gender=Fem|Mood=Ind|Number=Sing|Tense=Past|VerbForm=Fin|Voice=Act	_	_	_	@nvs1967f-words#@nvs1967f#3557.025#3557.35
59	актрисой	актрисый	NOUN	_	Animacy=Inan|Case=Ins|Gender=Fem|Number=Sing	_	_	_	@nvs1967f-words#@nvs1967f#3557.35#3557.675
60	/	/	PUNCT	_	_	_	_	_	@nvs1967f-words#@nvs1967f#3557.675#3558.0
61	да	да	PART	_	_	_	_	_	@nvs1967f-words#@nvs1967f#3559.0#3559.2
62	нужно	нужно	PRED	_	_	_	_	_	@nvs1967f-words#@nvs1967f#3621.4#3621.69
63	понимать	понимать	VERB	_	Aspect=Imp|VerbForm=Inf|Voice=Act	_	_	_	@nvs1967f-words#@nvs1967f#3621.69#3621.98
64	что	что	SCONJ	_	_	_	_	_	@nvs1967f-words#@nvs1967f#3621.98#3622.27
65	это	это	PRON	_	Animacy=Inan|Case=Nom|Gender=Neut|Number=Sing	_	_	_	@nvs1967f-words#@nvs1967f#3622.27#3622.56
66	лагерь	лагерь	NOUN	_	Animacy=Inan|Case=Nom|Gender=Masc|Number=Sing	_	_	_	@nvs1967f-words#@nvs1967f#3622.56#3622.85
67	где	где	SCONJ	_	_	_	_	_	@nvs1967f-words#@nvs1967f#3622.85#3623.14
68	находились	находиться	VERB	_	Aspect=Imp|Mood=Ind|Number=Plur|Tense=Past|VerbForm=Fin|Voice=Mid	_	_	_	@nvs1967f-words#@nvs1967f#3623.14#3623.43
69	уголовницы	уголовница	NOUN	_	Animacy=Anim|Case=Nom|Gender=Fem|Number=Plur	_	_	_	@nvs1967f-words#@nvs1967f#3623.43#3623.72
70	в	в	ADP	_	_	_	_	_	@nvs1967f-words#@nvs1967f#3623.72#3624.01
71	том	тот	DET	_	Case=Loc|Gender=Neut|Number=Sing	_	_	_	@nvs1967f-words#@nvs1967f#3624.01#3624.3
72	числе	число	NOUN	_	Animacy=Inan|Case=Loc|Gender=Neut|Number=Sing	_	_	_	@nvs1967f-words#@nvs1967f#3624.3#3624.6
73	а	а	CCONJ	_	_	_	_	_	@nvs1967f-words#@nvs1967f#3771.363#3771.63
74	Каргопольлаг	Каргопольлаг	PROPN	_	Animacy=Inan|Case=Nom|Gender=Masc|Number=Sing	_	_	_	@nvs1967f-words#@nvs1967f#3771.63#3771.897
75	/	/	PUNCT	_	_	_	_	_	@nvs1967f-words#@nvs1967f#3771.897#3772.164
76	заметьте	заметить	VERB	_	Aspect=Perf|Mood=Imp|Number=Plur|Person=2|VerbForm=Fin|Voice=Act	_	_	_	@nvs1967f-words#@nvs1967f#3772.164#3772.431
77	/	/	PUNCT	_	_	_	_	_	@nvs1967f-words#@nvs1967f#3772.431#3772.698
78	лесной	лесной	ADJ	_	Case=Nom|Degree=Pos|Gender=Masc|Number=Sing	_	_	_	@nvs1967f-words#@nvs1967f#3772.698#3772.967
79	это	это	PART	_	_	_	_	_	@nvs1967f-words#@nvs1967f#3773.428#3773.756
80	значит	значить	PART	_	_	_	_	_	@nvs1967f-words#@nvs1967f#3773.756#3774.084
81	что	что	SCONJ	_	_	_	_	_	@nvs1967f-words#@nvs1967f#3774.084#3774.412
82	та..аа	та..аа	X	_	_	_	_	_	@nvs1967f-words#@nvs1967f#3774.412#3774.74
83	/	/	PUNCT	_	_	_	_	_	@nvs1967f-words#@nvs1967f#3774.74#3775.068
84	что	что	SCONJ	_	_	_	_	_	@nvs1967f-words#@nvs1967f#3775.068#3775.396
85	заключенные	заключенный	NOUN	_	Animacy=Anim|Case=Nom|Gender=Masc|Number=Plur	_	_	_	@nvs1967f-words#@nvs1967f#3775.396#3775.724
86	которые	который	PRON	_	Case=Nom	_	_	_	@nvs1967f-words#@nvs1967f#3775.724#3776.052
87	там	там	ADV	_	Degree=Pos	_	_	_	@nvs1967f-words#@nvs1967f#3776.052#3776.38
88	находятся	находиться	VERB	_	Aspect=Imp|Mood=Ind|Number=Plur|Person=3|Tense=Pres|VerbForm=Fin|Voice=Mid	_	_	_	@nvs1967f-words#@nvs1967f#3776.38#3776.708
89	аа	аа	INTJ	_	_	_	_	_	@nvs1967f-words#@nvs1967f#3776.708#3777.036
90	/	/	PUNCT	_	_	_	_	_	@nvs1967f-words#@nvs1967f#3777.036#3777.364
91	работают	работать	VERB	_	Aspect=Imp|Mood=Ind|Number=Plur|Person=3|Tense=Pres|VerbForm=Fin|Voice=Act	_	_	_	@nvs1967f-words#@nvs1967f#3777.364#3777.692
92	либо	либо	CCONJ	_	_	_	_	_	@nvs1967f-words#@nvs1967f#3777.692#3778.02
93	на	на	ADP	_	_	_	_	_	@nvs1967f-words#@nvs1967f#3778.02#3778.348
94	лесоповале	лесоповал	NOUN	_	Animacy=Inan|Case=Loc|Gender=Masc|Number=Sing	_	_	_	@nvs1967f-words#@nvs1967f#3778.348#3778.676
95	либо	либо	CCONJ	_	_	_	_	_	@nvs1967f-words#@nvs1967f#3778.676#3779.004
96	на	на	ADP	_	_	_	_	_	@nvs1967f-words#@nvs1967f#3779.004#3779.332
97	какой-то	какой-то	DET	_	Case=Loc|Gender=Fem|Number=Sing	_	_	_	@nvs1967f-words#@nvs1967f#3779.332#3779.66
98	лесообработке	лесообработка	NOUN	_	Animacy=Inan|Case=Loc|Gender=Fem|Number=Sing	_	_	_	@nvs1967f-words#@nvs1967f#3779.66#3779.988
99	либо	либо	CCONJ	_	_	_	_	_	@nvs1967f-words#@nvs1967f#3779.988#3780.316
100	на	на	ADP	_	_	_	_	_	@nvs1967f-words#@nvs1967f#3780.316#3780.644
101	погрузке	погрузка	NOUN	_	Animacy=Inan|Case=Loc|Gender=Fem|Number=Sing	_	_	_	@nvs1967f-words#@nvs1967f#3780.644#3780.993
102	аа	аа	INTJ	_	_	_	_	_	@nvs1967f-words#@nvs1967f#3781.954#3782.177
103	/	/	PUNCT	_	_	_	_	_	@nvs1967f-words#@nvs1967f#3782.177#3782.4
104	поэтому	поэтому	ADV	_	Degree=Pos	_	_	_	@nvs1967f-words#@nvs1967f#3782.4#3782.623
105	вопрос	вопрос	NOUN	_	Animacy=Inan|Case=Nom|Gender=Masc|Number=Sing	_	_	_	@nvs1967f-words#@nvs1967f#3782.623#3782.846
106	что	что	PRON	_	Case=Acc	_	_	_	@nvs1967f-words#@nvs1967f#3782.846#3783.069
107	умеет	уметь	VERB	_	Aspect=Imp|Mood=Ind|Number=Sing|Person=3|Tense=Pres|VerbForm=Fin|Voice=Act	_	_	_	@nvs1967f-words#@nvs1967f#3783.069#3783.292
108	эта	этот	DET	_	Case=Nom|Gender=Fem|Number=Sing	_	_	_	@nvs1967f-words#@nvs1967f#3783.292#3783.515
109	девочка	девочка	NOUN	_	Animacy=Anim|Case=Nom|Gender=Fem|Number=Sing	_	_	_	@nvs1967f-words#@nvs1967f#3783.515#3783.738
110	в	в	ADP	_	_	_	_	_	@nvs1967f-words#@nvs1967f#3783.738#3783.961
111	общем	общий	ADJ	_	Case=Loc|Degree=Pos|Gender=Neut|Number=Sing	_	_	_	@nvs1967f-words#@nvs1967f#3783.961#3784.184
112	/	/	PUNCT	_	_	_	_	_	@nvs1967f-words#@nvs1967f#3784.184#3784.407
113	аа	аа	INTJ	_	_	_	_	_	@nvs1967f-words#@nvs1967f#3784.407#3784.63
114	/	/	PUNCT	_	_	_	_	_	@nvs1967f-words#@nvs1967f#3784.63#3784.853
115	означает	означать	VERB	_	Aspect=Imp|Mood=Ind|Number=Sing|Person=3|Tense=Pres|VerbForm=Fin|Voice=Act	_	_	_	@nvs1967f-words#@nvs1967f#3784.853#3785.076
116	пойдет	пойти	VERB	_	Aspect=Perf|Mood=Ind|Number=Sing|Person=3|Tense=Fut|VerbForm=Fin|Voice=Act	_	_	_	@nvs1967f-words#@nvs1967f#3785.076#3785.299
117	эта	этот	DET	_	Case=Nom|Gender=Fem|Number=Sing	_	_	_	@nvs1967f-words#@nvs1967f#3785.299#3785.522
118	девочка	девочка	NOUN	_	Animacy=Anim|Case=Nom|Gender=Fem|Number=Sing	_	_	_	@nvs1967f-words#@nvs1967f#3785.522#3785.745
119	у	у	ADP	_	_	_	_	_	@nvs1967f-words#@nvs1967f#3785.745#3785.968
120	нас	мы	PRON	_	Case=Gen|Number=Plur|Person=1	_	_	_	@nvs1967f-words#@nvs1967f#3785.968#3786.191
121	на	на	ADP	_	_	_	_	_	@nvs1967f-words#@nvs1967f#3786.191#3786.414
122	лесоповал	лесоповал	VERB	_	Animacy=Inan|Case=Acc|Gender=Masc|Number=Sing	_	_	_	@nvs1967f-words#@nvs1967f#3786.414#3786.637
123	/	/	PUNCT	_	_	_	_	_	@nvs1967f-words#@nvs1967f#3786.637#3786.86
124	или	или	CCONJ	_	_	_	_	_	@nvs1967f-words#@nvs1967f#3786.86#3787.083
125	она	она	PRON	_	Case=Nom|Gender=Fem|Number=Sing|Person=3	_	_	_	@nvs1967f-words#@nvs1967f#3787.083#3787.306
126	пойдет	пойти	VERB	_	Aspect=Perf|Mood=Ind|Number=Sing|Person=3|Tense=Fut|VerbForm=Fin|Voice=Act	_	_	_	@nvs1967f-words#@nvs1967f#3787.306#3787.529
127	куда-нибудь	куда-нибудь	ADV	_	Degree=Pos	_	_	_	@nvs1967f-words#@nvs1967f#3787.529#3787.752
128	еще	еще	ADV	_	Degree=Pos	_	_	_	@nvs1967f-words#@nvs1967f#3787.752#3788.0
129	да	да	PART	_	_	_	_	_	@lah1929f-words#@lah1929f#3558.1#3558.333
130	/	/	PUNCT	_	_	_	_	_	@lah1929f-words#@lah1929f#3558.333#3558.566
131	было	быть	VERB	_	Aspect=Imp|Gender=Neut|Mood=Ind|Number=Sing|Tense=Past|VerbForm=Fin|Voice=Act	_	_	_	@lah1929f-words#@lah1929f#3558.566#3558.8
132	было	быть	VERB	_	Aspect=Imp|Gender=Neut|Mood=Ind|Number=Sing|Tense=Past|VerbForm=Fin|Voice=Act	_	_	_	@lah1929f-words#@lah1929f#3560.8#3561.0
133	и	и	CCONJ	_	_	_	_	_	@lah1929f-words#@lah1929f#3562.6#3563.083
134	вот	вот	PART	_	_	_	_	_	@lah1929f-words#@lah1929f#3563.083#3563.566
135	опять	опять	ADV	_	Degree=Pos	_	_	_	@lah1929f-words#@lah1929f#3563.566#3564.049
136	/	/	PUNCT	_	_	_	_	_	@lah1929f-words#@lah1929f#3564.049#3564.532
137	Ким	Ким	PROPN	_	Animacy=Anim|Case=Gen|Gender=Masc|Number=Sing	_	_	_	@lah1929f-words#@lah1929f#3564.532#3565.015
138	/	/	PUNCT	_	_	_	_	_	@lah1929f-words#@lah1929f#3565.015#3565.498
139	этот	этот	DET	_	Case=Nom|Gender=Masc|Number=Sing	_	_	_	@lah1929f-words#@lah1929f#3565.498#3565.981
140	Ким	Ким	PROPN	_	Animacy=Anim|Case=Nom|Gender=Masc|Number=Sing	_	_	_	@lah1929f-words#@lah1929f#3565.981#3566.464
141	/	/	PUNCT	_	_	_	_	_	@lah1929f-words#@lah1929f#3566.464#3566.947
142	датчанин	датчанин	NOUN	_	Animacy=Anim|Case=Nom|Gender=Masc|Number=Sing	_	_	_	@lah1929f-words#@lah1929f#3566.947#3567.43
143	/	/	PUNCT	_	_	_	_	_	@lah1929f-words#@lah1929f#3567.43#3567.913
144	живущий	жить	VERB	_	Aspect=Imp|Case=Nom|Gender=Masc|Number=Sing|Tense=Pres|VerbForm=Part|Voice=Act	_	_	_	@lah1929f-words#@lah1929f#3567.913#3568.396
145	в	в	ADP	_	_	_	_	_	@lah1929f-words#@lah1929f#3568.396#3568.879
146	другом	другой	ADJ	_	Case=Loc|Degree=Pos|Gender=Masc|Number=Sing	_	_	_	@lah1929f-words#@lah1929f#3568.879#3569.362
147	мире	мир	NOUN	_	Animacy=Inan|Case=Loc|Gender=Masc|Number=Sing	_	_	_	@lah1929f-words#@lah1929f#3569.362#3569.845
148	другой	другой	ADJ	_	Case=Ins|Degree=Pos|Gender=Fem|Number=Sing	_	_	_	@lah1929f-words#@lah1929f#3569.845#3570.328
149	жизнью	жизнь	NOUN	_	Animacy=Inan|Case=Ins|Gender=Fem|Number=Sing	_	_	_	@lah1929f-words#@lah1929f#3570.328#3570.811
150	/	/	PUNCT	_	_	_	_	_	@lah1929f-words#@lah1929f#3570.811#3571.294
151	ничего	ничто	PRON	_	Case=Gen	_	_	_	@lah1929f-words#@lah1929f#3571.294#3571.777
152	вообще	вообще	ADV	_	Degree=Pos	_	_	_	@lah1929f-words#@lah1929f#3571.777#3572.26
153	вот	вот	PART	_	_	_	_	_	@lah1929f-words#@lah1929f#3572.26#3572.743
154	тебе	ты	PRON	_	Case=Dat|Number=Sing|Person=2	_	_	_	@lah1929f-words#@lah1929f#3572.743#3573.226
155	рассказывает	рассказывать	VERB	_	Aspect=Imp|Mood=Ind|Number=Sing|Person=3|Tense=Pres|VerbForm=Fin|Voice=Act	_	_	_	@lah1929f-words#@lah1929f#3573.226#3573.709
156	человек	человек	NOUN	_	Animacy=Anim|Case=Nom|Gender=Masc|Number=Sing	_	_	_	@lah1929f-words#@lah1929f#3573.709#3574.192
157	который	который	SCONJ	_	_	_	_	_	@lah1929f-words#@lah1929f#3574.192#3574.675
158	это	это	PRON	_	Animacy=Inan|Case=Acc|Gender=Neut|Number=Sing	_	_	_	@lah1929f-words#@lah1929f#3574.675#3575.158
159	прошел	пройти	VERB	_	Aspect=Perf|Gender=Masc|Mood=Ind|Number=Sing|Tense=Past|VerbForm=Fin|Voice=Act	_	_	_	@lah1929f-words#@lah1929f#3575.158#3575.641
160	/	/	PUNCT	_	_	_	_	_	@lah1929f-words#@lah1929f#3575.641#3576.124
161	что	что	SCONJ	_	_	_	_	_	@lah1929f-words#@lah1929f#3576.124#3576.607
162	он	он	PRON	_	Case=Nom|Gender=Masc|Number=Sing|Person=3	_	_	_	@lah1929f-words#@lah1929f#3576.607#3577.09
163	пишет	писать	VERB	_	Aspect=Imp|Mood=Ind|Number=Sing|Person=3|Tense=Pres|VerbForm=Fin|Voice=Act	_	_	_	@lah1929f-words#@lah1929f#3577.09#3577.6
164	я	я	PRON	_	Case=Nom|Number=Sing|Person=1	_	_	_	@lah1929f-words#@lah1929f#3579.4#3579.796
165	попала	попасть	VERB	_	Aspect=Perf|Gender=Fem|Mood=Ind|Number=Sing|Tense=Past|VerbForm=Fin|Voice=Act	_	_	_	@lah1929f-words#@lah1929f#3579.796#3580.192
166	в	в	ADP	_	_	_	_	_	@lah1929f-words#@lah1929f#3580.192#3580.588
167	этот	этот	DET	_	Case=Acc|Gender=Masc|Number=Sing	_	_	_	@lah1929f-words#@lah1929f#3580.588#3580.984
168	театр	театр	NOUN	_	Animacy=Inan|Case=Acc|Gender=Masc|Number=Sing	_	_	_	@lah1929f-words#@lah1929f#3580.984#3581.38
169	не	не	PART	_	_	_	_	_	@lah1929f-words#@lah1929f#3581.38#3581.776
170	за	за	ADP	_	_	_	_	_	@lah1929f-words#@lah1929f#3581.776#3582.172
171	свои	свой	DET	_	Case=Acc|Number=Plur	_	_	_	@lah1929f-words#@lah1929f#3582.172#3582.568
172	какие-то	какой-то	DET	_	Case=Acc|Number=Plur	_	_	_	@lah1929f-words#@lah1929f#3582.568#3582.964
173	/	/	PUNCT	_	_	_	_	_	@lah1929f-words#@lah1929f#3582.964#3583.36
174	заслуги	заслуга	NOUN	_	Animacy=Inan|Case=Acc|Gender=Fem|Number=Plur	_	_	_	@lah1929f-words#@lah1929f#3583.36#3583.766
175	я	я	PRON	_	Case=Nom|Number=Sing|Person=1	_	_	_	@lah1929f-words#@lah1929f#3584.0#3584.327
176	была	быть	AUX	_	Aspect=Imp|Gender=Fem|Mood=Ind|Number=Sing|Tense=Past|VerbForm=Fin|Voice=Act	_	_	_	@lah1929f-words#@lah1929f#3584.327#3584.654
177	в	в	ADP	_	_	_	_	_	@lah1929f-words#@lah1929f#3584.654#3584.981
178	карантине	карантине	NOUN	_	Animacy=Inan|Case=Loc|Gender=Masc|Number=Sing	_	_	_	@lah1929f-words#@lah1929f#3584.981#3585.308
179	/	/	PUNCT	_	_	_	_	_	@lah1929f-words#@lah1929f#3585.308#3585.635
180	и	и	CCONJ	_	_	_	_	_	@lah1929f-words#@lah1929f#3585.635#3585.962
181	вообще	вообще	ADV	_	Degree=Pos	_	_	_	@lah1929f-words#@lah1929f#3585.962#3586.289
182	еще	еще	ADV	_	Degree=Pos	_	_	_	@lah1929f-words#@lah1929f#3586.289#3586.616
183	/	/	PUNCT	_	_	_	_	_	@lah1929f-words#@lah1929f#3586.616#3586.943
184	ни	ни	CCONJ	_	_	_	_	_	@lah1929f-words#@lah1929f#3586.943#3587.27
185	сном	сон	NOUN	_	Animacy=Inan|Case=Ins|Gender=Masc|Number=Sing	_	_	_	@lah1929f-words#@lah1929f#3587.27#3587.597
186	ни	ни	CCONJ	_	_	_	_	_	@lah1929f-words#@lah1929f#3587.597#3587.924
187	духом	дух	NOUN	_	Animacy=Inan|Case=Ins|Gender=Masc|Number=Sing	_	_	_	@lah1929f-words#@lah1929f#3587.924#3588.251
188	не	не	PART	_	_	_	_	_	@lah1929f-words#@lah1929f#3588.251#3588.578
189	знала	знать	VERB	_	Aspect=Imp|Gender=Fem|Mood=Ind|Number=Sing|Tense=Past|VerbForm=Fin|Voice=Act	_	_	_	@lah1929f-words#@lah1929f#3588.578#3588.905
190	/	/	PUNCT	_	_	_	_	_	@lah1929f-words#@lah1929f#3588.905#3589.232
191	про	про	ADP	_	_	_	_	_	@lah1929f-words#@lah1929f#3589.232#3589.559
192	этот	этот	DET	_	Case=Acc|Gender=Masc|Number=Sing	_	_	_	@lah1929f-words#@lah1929f#3589.559#3589.886
193	театр	театр	NOUN	_	Animacy=Inan|Case=Acc|Gender=Masc|Number=Sing	_	_	_	@lah1929f-words#@lah1929f#3589.886#3590.213
194	ни	ни	CCONJ	_	_	_	_	_	@lah1929f-words#@lah1929f#3590.213#3590.54
195	про	про	ADP	_	_	_	_	_	@lah1929f-words#@lah1929f#3590.54#3590.867
196	что	что	PRON	_	Case=Acc	_	_	_	@lah1929f-words#@lah1929f#3590.867#3591.2
197	просто	просто	PART	_	_	_	_	_	@lah1929f-words#@lah1929f#3591.8#3592.29
198	/	/	PUNCT	_	_	_	_	_	@lah1929f-words#@lah1929f#3592.29#3592.78
199	так	так	ADV	_	Degree=Pos	_	_	_	@lah1929f-words#@lah1929f#3592.78#3593.27
200	/	/	PUNCT	_	_	_	_	_	@lah1929f-words#@lah1929f#3593.27#3593.76
201	хорошо	хорошо	ADV	_	Degree=Pos	_	_	_	@lah1929f-words#@lah1929f#3593.76#3594.25
202	сложилось	сложиться	VERB	_	Aspect=Perf|Gender=Neut|Mood=Ind|Number=Sing|Tense=Past|VerbForm=Fin|Voice=Mid	_	_	_	@lah1929f-words#@lah1929f#3594.25#3594.74
203	/	/	PUNCT	_	_	_	_	_	@lah1929f-words#@lah1929f#3594.74#3595.23
204	одна	один	DET	_	Case=Nom|Degree=Pos|Gender=Fem|Number=Sing	_	_	_	@lah1929f-words#@lah1929f#3595.23#3595.72
205	/	/	PUNCT	_	_	_	_	_	@lah1929f-words#@lah1929f#3595.72#3596.21
206	женщина	женщина	NOUN	_	Animacy=Anim|Case=Nom|Gender=Fem|Number=Sing	_	_	_	@lah1929f-words#@lah1929f#3596.21#3596.7
207	освобождалась	освобождаться	VERB	_	Aspect=Imp|Gender=Fem|Mood=Ind|Number=Sing|Tense=Past|VerbForm=Fin|Voice=Mid	_	_	_	@lah1929f-words#@lah1929f#3596.7#3597.2
208	и	и	CCONJ	_	_	_	_	_	@lah1929f-words#@lah1929f#3598.0#3598.4
209	/	/	PUNCT	_	_	_	_	_	@lah1929f-words#@lah1929f#3598.4#3598.8
210	а	а	CCONJ	_	_	_	_	_	@lah1929f-words#@lah1929f#3598.8#3599.2
211	я	я	PRON	_	Case=Nom|Number=Sing|Person=1	_	_	_	@lah1929f-words#@lah1929f#3599.2#3599.6
212	подралась	подраться	VERB	_	Aspect=Perf|Gender=Fem|Mood=Ind|Number=Sing|Tense=Past|VerbForm=Fin|Voice=Mid	_	_	_	@lah1929f-words#@lah1929f#3599.6#3600.0
213	в	в	ADP	_	_	_	_	_	@lah1929f-words#@lah1929f#3600.0#3600.4
214	бараке	барак	NOUN	_	Animacy=Inan|Case=Loc|Gender=Masc|Number=Sing	_	_	_	@lah1929f-words#@lah1929f#3600.4#3600.8
215	/	/	PUNCT	_	_	_	_	_	@lah1929f-words#@lah1929f#3600.8#3601.2
216	в	в	ADP	_	_	_	_	_	@lah1929f-words#@lah1929f#3601.2#3601.6
217	этом	это	PRON	_	Animacy=Inan|Case=Loc|Gender=Neut|Number=Sing	_	_	_	@lah1929f-words#@lah1929f#3601.6#3602.0
218	да	да	PART	_	_	_	_	_	@lah1929f-words#@lah1929f#3603.6#3604.0
219	ну	ну	PART	_	_	_	_	_	@lah1929f-words#@lah1929f#3605.2#3605.5
220	/	/	PUNCT	_	_	_	_	_	@lah1929f-words#@lah1929f#3605.5#3605.8
221	за	за	ADP	_	_	_	_	_	@lah1929f-words#@lah1929f#3605.8#3606.1
222	дело	дело	NOUN	_	Animacy=Inan|Case=Acc|Gender=Neut|Number=Sing	_	_	_	@lah1929f-words#@lah1929f#3606.1#3606.4
223	ну	ну	PART	_	_	_	_	_	@lah1929f-words#@lah1929f#3608.2#3608.64
224	как-то	как-то	ADV	_	Degree=Pos	_	_	_	@lah1929f-words#@lah1929f#3608.64#3609.08
225	я	я	PRON	_	Case=Nom|Number=Sing|Person=1	_	_	_	@lah1929f-words#@lah1929f#3609.08#3609.52
226	сразу	сразу	ADV	_	Degree=Pos	_	_	_	@lah1929f-words#@lah1929f#3609.52#3609.96
227	прославилась	прославиться	VERB	_	Aspect=Perf|Gender=Fem|Mood=Ind|Number=Sing|Tense=Past|VerbForm=Fin|Voice=Mid	_	_	_	@lah1929f-words#@lah1929f#3609.96#3610.4
228	ну	ну	PART	_	_	_	_	_	@lah1929f-words#@lah1929f#3611.8#3612.114
229	зато	зато	PART	_	_	_	_	_	@lah1929f-words#@lah1929f#3612.114#3612.428
230	/	/	PUNCT	_	_	_	_	_	@lah1929f-words#@lah1929f#3612.428#3612.742
231	они	они	PRON	_	Case=Nom|Number=Plur|Person=3	_	_	_	@lah1929f-words#@lah1929f#3612.742#3613.056
232	так	так	ADV	_	Degree=Pos	_	_	_	@lah1929f-words#@lah1929f#3613.056#3613.37
233	показывали	показывать	VERB	_	Aspect=Imp|Mood=Ind|Number=Plur|Tense=Past|VerbForm=Fin|Voice=Act	_	_	_	@lah1929f-words#@lah1929f#3613.37#3613.684
234	но	но	CCONJ	_	_	_	_	_	@lah1929f-words#@lah1929f#3613.684#3613.998
235	меня	я	PRON	_	Case=Acc|Number=Sing|Person=1	_	_	_	@lah1929f-words#@lah1929f#3613.998#3614.312
236	никто	никто	PRON	_	Case=Nom	_	_	_	@lah1929f-words#@lah1929f#3614.312#3614.626
237	не	не	PART	_	_	_	_	_	@lah1929f-words#@lah1929f#3614.626#3614.94
238	трогал	трогать	VERB	_	Aspect=Imp|Gender=Masc|Mood=Ind|Number=Sing|Tense=Past|VerbForm=Fin|Voice=Act	_	_	_	@lah1929f-words#@lah1929f#3614.94#3615.254
239	/	/	PUNCT	_	_	_	_	_	@lah1929f-words#@lah1929f#3615.254#3615.568
240	ни	ни	PART	_	Polarity=Neg	_	_	_	@lah1929f-words#@lah1929f#3615.568#3615.882
241	разу	раз	NOUN	_	Animacy=Inan|Case=Gen|Gender=Masc|Number=Sing	_	_	_	@lah1929f-words#@lah1929f#3615.882#3616.2
242	это	это	PART	_	_	_	_	_	@lah1929f-words#@lah1929f#3616.8#3617.142
243	очень	очень	ADV	_	Degree=Pos	_	_	_	@lah1929f-words#@lah1929f#3617.142#3617.484
244	хорошо	хорошо	ADV	_	Degree=Pos	_	_	_	@lah1929f-words#@lah1929f#3617.484#3617.826
245	/	/	PUNCT	_	_	_	_	_	@lah1929f-words#@lah1929f#3617.826#3618.168
246	говорили	говорить	VERB	_	Aspect=Imp|Mood=Ind|Number=Plur|Tense=Past|VerbForm=Fin|Voice=Act	_	_	_	@lah1929f-words#@lah1929f#3618.168#3618.51
247	она	она	PRON	_	Case=Nom|Gender=Fem|Number=Sing|Person=3	_	_	_	@lah1929f-words#@lah1929f#3618.51#3618.852
248	чокнутая	чокнутый	ADJ	_	Case=Nom|Degree=Pos|Gender=Fem|Number=Sing	_	_	_	@lah1929f-words#@lah1929f#3618.852#3619.2
249	и	и	CCONJ	_	_	_	_	_	@lah1929f-words#@lah1929f#3620.4#3620.7
250	вот	вот	PART	_	_	_	_	_	@lah1929f-words#@lah1929f#3620.7#3621.0
251	эта	этот	DET	_	Case=Nom|Gender=Fem|Number=Sing	_	_	_	@lah1929f-words#@lah1929f#3621.0#3621.3
252	#одновременно#	#одновременно#	X	_	_	_	_	_	@lah1929f-words#@lah1929f#3621.3#3621.6
253	да	да	PART	_	_	_	_	_	@lah1929f-words#@lah1929f#3625.4#3625.74
254	/	/	PUNCT	_	_	_	_	_	@lah1929f-words#@lah1929f#3625.74#3626.08
255	я	я	PRON	_	Case=Nom|Number=Sing|Person=1	_	_	_	@lah1929f-words#@lah1929f#3626.08#3626.42
256	не	не	PART	_	_	_	_	_	@lah1929f-words#@lah1929f#3626.42#3626.76
257	в	в	ADP	_	_	_	_	_	@lah1929f-words#@lah1929f#3626.76#3627.1
258	политическом	политический	ADJ	_	Case=Loc|Degree=Pos|Gender=Masc|Number=Sing	_	_	_	@lah1929f-words#@lah1929f#3627.1#3627.44
259	лагере	лагерь	NOUN	_	Animacy=Inan|Case=Loc|Gender=Masc|Number=Sing	_	_	_	@lah1929f-words#@lah1929f#3627.44#3627.78
260	была	быть	VERB	_	Aspect=Imp|Gender=Fem|Mood=Ind|Number=Sing|Tense=Past|VerbForm=Fin|Voice=Act	_	_	_	@lah1929f-words#@lah1929f#3627.78#3628.12
261	/	/	PUNCT	_	_	_	_	_	@lah1929f-words#@lah1929f#3628.12#3628.46
262	что	что	SCONJ	_	_	_	_	_	@lah1929f-words#@lah1929f#3628.46#3628.8
263	к	к	ADP	_	_	_	_	_	@lah1929f-words#@lah1929f#3628.8#3629.14
264	счастью	счастье	NOUN	_	Animacy=Inan|Case=Dat|Gender=Neut|Number=Sing	_	_	_	@lah1929f-words#@lah1929f#3629.14#3629.48
265	/	/	PUNCT	_	_	_	_	_	@lah1929f-words#@lah1929f#3629.48#3629.82
266	для	для	ADP	_	_	_	_	_	@lah1929f-words#@lah1929f#3629.82#3630.16
267	меня	я	PRON	_	Case=Gen|Number=Sing|Person=1	_	_	_	@lah1929f-words#@lah1929f#3630.16#3630.5
268	я	я	PRON	_	Case=Nom|Number=Sing|Person=1	_	_	_	@lah1929f-words#@lah1929f#3630.8#3631.1
269	считаю	считать	VERB	_	Aspect=Imp|Mood=Ind|Number=Sing|Person=1|Tense=Pres|VerbForm=Fin|Voice=Act	_	_	_	@lah1929f-words#@lah1929f#3631.1#3631.4
270	что	что	SCONJ	_	_	_	_	_	@lah1929f-words#@lah1929f#3631.4#3631.7
271	надо	надо	PRED	_	_	_	_	_	@lah1929f-words#@lah1929f#3631.7#3632.0
272	не	не	PART	_	_	_	_	_	@lah1929f-words#@lah1929f#3634.2#3634.63
273	думаю	думать	VERB	_	Aspect=Imp|Mood=Ind|Number=Sing|Person=1|Tense=Pres|VerbForm=Fin|Voice=Act	_	_	_	@lah1929f-words#@lah1929f#3634.63#3635.06
274	/	/	PUNCT	_	_	_	_	_	@lah1929f-words#@lah1929f#3635.06#3635.49
275	я	я	PRON	_	Case=Nom|Number=Sing|Person=1	_	_	_	@lah1929f-words#@lah1929f#3635.49#3635.92
276	не	не	PART	_	_	_	_	_	@lah1929f-words#@lah1929f#3635.92#3636.35
277	была	быть	AUX	_	Aspect=Imp|Gender=Fem|Mood=Ind|Number=Sing|Tense=Past|VerbForm=Fin|Voice=Act	_	_	_	@lah1929f-words#@lah1929f#3636.35#3636.78
278	политической	политическая	ADJ	_	Case=Ins|Degree=Pos|Gender=Fem|Number=Sing	_	_	_	@lah1929f-words#@lah1929f#3636.78#3637.21
279	заключенной	заключить	VERB	_	Aspect=Perf|Case=Ins|Gender=Fem|Number=Sing|Tense=Past|VerbForm=Part|Voice=Pass	_	_	_	@lah1929f-words#@lah1929f#3637.21#3637.64
280	у	у	ADP	_	_	_	_	_	@lah1929f-words#@lah1929f#3637.64#3638.07
281	меня	я	PRON	_	Case=Gen|Number=Sing|Person=1	_	_	_	@lah1929f-words#@lah1929f#3638.07#3638.5
282	просто	просто	PART	_	_	_	_	_	@lah1929f-words#@lah1929f#3638.5#3638.93
283	статья	статья	NOUN	_	Animacy=Inan|Case=Nom|Gender=Fem|Number=Sing	_	_	_	@lah1929f-words#@lah1929f#3638.93#3639.36
284	была	быть	AUX	_	Aspect=Imp|Gender=Fem|Mood=Ind|Number=Sing|Tense=Past|VerbForm=Fin|Voice=Act	_	_	_	@lah1929f-words#@lah1929f#3639.36#3639.8
285	ну	ну	PART	_	_	_	_	_	@lah1929f-words#@lah1929f#3640.6#3641.066
286	никак	никак	ADV	_	Degree=Pos	_	_	_	@lah1929f-words#@lah1929f#3641.066#3641.532
287	я	я	PRON	_	Case=Nom|Number=Sing|Person=1	_	_	_	@lah1929f-words#@lah1929f#3641.532#3642.0
288	нет	нет	PART	_	_	_	_	_	@lah1929f-words#@lah1929f#3643.6#3643.9
289	/	/	PUNCT	_	_	_	_	_	@lah1929f-words#@lah1929f#3643.9#3644.2
290	я	я	PRON	_	Case=Nom|Number=Sing|Person=1	_	_	_	@lah1929f-words#@lah1929f#3644.2#3644.5
291	ни	ни	PART	_	_	_	_	_	@lah1929f-words#@lah1929f#3644.5#3644.8
292	ни	ни	PART	_	_	_	_	_	@lah1929f-words#@lah1929f#3644.8#3645.1
293	в	в	ADP	_	_	_	_	_	@lah1929f-words#@lah1929f#3645.1#3645.4
294	чем	что	PRON	_	Case=Loc	_	_	_	@lah1929f-words#@lah1929f#3645.4#3645.7
295	не	не	PART	_	_	_	_	_	@lah1929f-words#@lah1929f#3645.7#3646.0
296	замешана	замешать	VERB	_	Aspect=Perf|Case=Nom|Gender=Fem|Number=Sing|Tense=Past|VerbForm=Part|Voice=Pass|Variant=Short	_	_	_	@lah1929f-words#@lah1929f#3646.0#3646.3
297	была	быть	AUX	_	Aspect=Imp|Gender=Fem|Mood=Ind|Number=Sing|Tense=Past|VerbForm=Fin|Voice=Act	_	_	_	@lah1929f-words#@lah1929f#3646.3#3646.6
298	и	и	CCONJ	_	_	_	_	_	@lah1929f-words#@lah1929f#3647.714#3648.097
299	вот	вот	PART	_	_	_	_	_	@lah1929f-words#@lah1929f#3648.097#3648.48
300	она	она	PRON	_	Case=Nom|Gender=Fem|Number=Sing|Person=3	_	_	_	@lah1929f-words#@lah1929f#3648.48#3648.863
301	передала	передать	VERB	_	Aspect=Perf|Gender=Fem|Mood=Ind|Number=Sing|Tense=Past|VerbForm=Fin|Voice=Act	_	_	_	@lah1929f-words#@lah1929f#3648.863#3649.246
302	моим	мой	DET	_	Case=Dat|Number=Plur	_	_	_	@lah1929f-words#@lah1929f#3649.246#3649.629
303	родителям	родитель	NOUN	_	Animacy=Anim|Case=Dat|Gender=Masc|Number=Plur	_	_	_	@lah1929f-words#@lah1929f#3649.629#3650.012
304	записку	записка	NOUN	_	Animacy=Inan|Case=Acc|Gender=Fem|Number=Sing	_	_	_	@lah1929f-words#@lah1929f#3650.012#3650.395
305	/	/	PUNCT	_	_	_	_	_	@lah1929f-words#@lah1929f#3650.395#3650.778
306	что	что	SCONJ	_	_	_	_	_	@lah1929f-words#@lah1929f#3650.778#3651.161
307	мне	я	PRON	_	Case=Dat|Number=Sing|Person=1	_	_	_	@lah1929f-words#@lah1929f#3651.161#3651.544
308	дали	дать	VERB	_	Aspect=Perf|Mood=Ind|Number=Plur|Tense=Past|VerbForm=Fin|Voice=Act	_	_	_	@lah1929f-words#@lah1929f#3651.544#3651.927
309	8	8	NUM	_	_	_	_	_	@lah1929f-words#@lah1929f#3651.927#3652.31
310	лет	год	NOUN	_	Animacy=Inan|Case=Gen|Gender=Masc|Number=Plur	_	_	_	@lah1929f-words#@lah1929f#3652.31#3652.693
311	/	/	PUNCT	_	_	_	_	_	@lah1929f-words#@lah1929f#3652.693#3653.076
312	и	и	CCONJ	_	_	_	_	_	@lah1929f-words#@lah1929f#3653.076#3653.459
313	сижу	сидеть	VERB	_	Aspect=Imp|Mood=Ind|Number=Sing|Person=1|Tense=Pres|VerbForm=Fin|Voice=Act	_	_	_	@lah1929f-words#@lah1929f#3653.459#3653.842
314	я	я	PRON	_	Case=Nom|Number=Sing|Person=1	_	_	_	@lah1929f-words#@lah1929f#3653.842#3654.225
315	в	в	ADP	_	_	_	_	_	@lah1929f-words#@lah1929f#3654.225#3654.608
316	Каргопольлаге	Каргопольлаг	PROPN	_	Animacy=Inan|Case=Loc|Gender=Masc|Number=Sing	_	_	_	@lah1929f-words#@lah1929f#3654.608#3654.991
317	/	/	PUNCT	_	_	_	_	_	@lah1929f-words#@lah1929f#3654.991#3655.374
318	и	и	CCONJ	_	_	_	_	_	@lah1929f-words#@lah1929f#3655.374#3655.757
319	может	мочь	VERB	_	Aspect=Imp|Mood=Ind|Number=Sing|Person=3|Tense=Pres|VerbForm=Fin|Voice=Act	_	_	_	@lah1929f-words#@lah1929f#3655.757#3656.14
320	быть	быть	VERB	_	Aspect=Imp|VerbForm=Inf|Voice=Act	_	_	_	@lah1929f-words#@lah1929f#3656.14#3656.523
321	/	/	PUNCT	_	_	_	_	_	@lah1929f-words#@lah1929f#3656.523#3656.906
322	мне	я	PRON	_	Case=Dat|Number=Sing|Person=1	_	_	_	@lah1929f-words#@lah1929f#3656.906#3657.289
323	/	/	PUNCT	_	_	_	_	_	@lah1929f-words#@lah1929f#3657.289#3657.672
324	лучше	хорошо	ADV	_	Degree=Cmp	_	_	_	@lah1929f-words#@lah1929f#3657.672#3658.055
325	/	/	PUNCT	_	_	_	_	_	@lah1929f-words#@lah1929f#3658.055#3658.438
326	от	от	ADP	_	_	_	_	_	@lah1929f-words#@lah1929f#3658.438#3658.821
327	вас	вы	PRON	_	Case=Gen|Number=Plur|Person=2	_	_	_	@lah1929f-words#@lah1929f#3658.821#3659.204
328	отказаться	отказаться	VERB	_	Aspect=Perf|VerbForm=Inf|Voice=Mid	_	_	_	@lah1929f-words#@lah1929f#3659.204#3659.6
329	так	так	ADV	_	Degree=Pos	_	_	_	@lah1929f-words#@lah1929f#3661.8#3662.08
330	я	я	PRON	_	Case=Nom|Number=Sing|Person=1	_	_	_	@lah1929f-words#@lah1929f#3662.08#3662.36
331	/	/	PUNCT	_	_	_	_	_	@lah1929f-words#@lah1929f#3662.36#3662.64
332	им	они	PRON	_	Case=Dat|Number=Plur|Person=3	_	_	_	@lah1929f-words#@lah1929f#3662.64#3662.92
333	написала	писать	VERB	_	Aspect=Perf|Gender=Fem|Mood=Ind|Number=Sing|Tense=Past|VerbForm=Fin|Voice=Act	_	_	_	@lah1929f-words#@lah1929f#3662.92#3663.2
334	и	и	CCONJ	_	_	_	_	_	@lah1929f-words#@lah1929f#3663.6#3663.927
335	отец	отец	NOUN	_	Animacy=Anim|Case=Nom|Gender=Masc|Number=Sing	_	_	_	@lah1929f-words#@lah1929f#3663.927#3664.254
336	тут	тут	ADV	_	Degree=Pos	_	_	_	@lah1929f-words#@lah1929f#3664.254#3664.581
337	же	же	PART	_	_	_	_	_	@lah1929f-words#@lah1929f#3664.581#3664.908
338	приехал	приехать	VERB	_	Aspect=Perf|Gender=Masc|Mood=Ind|Number=Sing|Tense=Past|VerbForm=Fin|Voice=Act	_	_	_	@lah1929f-words#@lah1929f#3664.908#3665.235
339	ко	к	ADP	_	_	_	_	_	@lah1929f-words#@lah1929f#3665.235#3665.562
340	мне	я	PRON	_	Case=Dat|Number=Sing|Person=1	_	_	_	@lah1929f-words#@lah1929f#3665.562#3665.89
341	и	и	CCONJ	_	_	_	_	_	@lah1929f-words#@lah1929f#3666.5#3667.0
342	когда	когда	SCONJ	_	_	_	_	_	@lah1929f-words#@lah1929f#3667.0#3667.5
343	он	он	PRON	_	Case=Nom|Gender=Masc|Number=Sing|Person=3	_	_	_	@lah1929f-words#@lah1929f#3667.5#3668.0
344	пошел	пойти	VERB	_	Aspect=Perf|Gender=Masc|Mood=Ind|Number=Sing|Tense=Past|VerbForm=Fin|Voice=Act	_	_	_	@lah1929f-words#@lah1929f#3668.0#3668.5
345	получать	получать	VERB	_	Aspect=Imp|VerbForm=Inf|Voice=Act	_	_	_	@lah1929f-words#@lah1929f#3668.5#3669.0
346	это	этот	DET	_	Case=Acc|Gender=Neut|Number=Sing	_	_	_	@lah1929f-words#@lah1929f#3669.0#3669.5
347	разрешение	разрешение	NOUN	_	Animacy=Inan|Case=Acc|Gender=Neut|Number=Sing	_	_	_	@lah1929f-words#@lah1929f#3669.5#3670.0
348	на	на	ADP	_	_	_	_	_	@lah1929f-words#@lah1929f#3670.0#3670.5
349	свидание	свидание	NOUN	_	Animacy=Inan|Case=Acc|Gender=Neut|Number=Sing	_	_	_	@lah1929f-words#@lah1929f#3670.5#3671.0
350	вот	вот	PART	_	_	_	_	_	@lah1929f-words#@lah1929f#3671.5#3671.813
351	так	так	ADV	_	Degree=Pos	_	_	_	@lah1929f-words#@lah1929f#3671.813#3672.126
352	бывает	бывать	VERB	_	Aspect=Imp|Mood=Ind|Number=Sing|Person=3|Tense=Pres|VerbForm=Fin|Voice=Act	_	_	_	@lah1929f-words#@lah1929f#3672.126#3672.44
353	этот	этот	DET	_	Case=Nom|Gender=Masc|Number=Sing	_	_	_	@lah1929f-words#@lah1929f#3673.4#3673.933
354	полковник	полковник	NOUN	_	Animacy=Anim|Case=Nom|Gender=Masc|Number=Sing	_	_	_	@lah1929f-words#@lah1929f#3673.933#3674.466
355	Коробицин	Коробицин	PROPN	_	Animacy=Anim|Case=Nom|Gender=Masc|Number=Sing	_	_	_	@lah1929f-words#@lah1929f#3674.466#3674.999
356	/	/	PUNCT	_	_	_	_	_	@lah1929f-words#@lah1929f#3674.999#3675.532
357	начальник	начальник	NOUN	_	Animacy=Anim|Case=Nom|Gender=Masc|Number=Sing	_	_	_	@lah1929f-words#@lah1929f#3675.532#3676.065
358	Каргопольлаг	Каргопольлаг	PROPN	_	Animacy=Anim|Case=Nom|Gender=Masc|Number=Sing	_	_	_	@lah1929f-words#@lah1929f#3676.065#3676.6
359	мы	мы	PRON	_	Case=Nom|Number=Plur|Person=1	_	_	_	@lah1929f-words#@lah1929f#3677.85#3678.163
360	его	он	PRON	_	Case=Acc|Gender=Masc|Number=Sing|Person=3	_	_	_	@lah1929f-words#@lah1929f#3678.163#3678.476
361	никто	никто	PRON	_	Case=Nom	_	_	_	@lah1929f-words#@lah1929f#3678.476#3678.789
362	не	не	PART	_	_	_	_	_	@lah1929f-words#@lah1929f#3678.789#3679.102
363	видел	видеть	VERB	_	Aspect=Imp|Gender=Masc|Mood=Ind|Number=Sing|Tense=Past|VerbForm=Fin|Voice=Act	_	_	_	@lah1929f-words#@lah1929f#3679.102#3679.415
364	иногда	иногда	ADV	_	Degree=Pos	_	_	_	@lah1929f-words#@lah1929f#3679.415#3679.728
365	спрашивали	спрашивать	VERB	_	Aspect=Imp|Mood=Ind|Number=Plur|Tense=Past|VerbForm=Fin|Voice=Act	_	_	_	@lah1929f-words#@lah1929f#3679.728#3680.041
366	/	/	PUNCT	_	_	_	_	_	@lah1929f-words#@lah1929f#3680.041#3680.354
367	сколько	сколько	ADV	_	_	_	_	_	@lah1929f-words#@lah1929f#3680.354#3680.667
368	ему	он	PRON	_	Case=Dat|Gender=Masc|Number=Sing|Person=3	_	_	_	@lah1929f-words#@lah1929f#3680.667#3680.98
369	лет	год	NOUN	_	Animacy=Inan|Case=Gen|Gender=Masc|Number=Plur	_	_	_	@lah1929f-words#@lah1929f#3680.98#3681.293
370	/	/	PUNCT	_	_	_	_	_	@lah1929f-words#@lah1929f#3681.293#3681.606
371	а	а	CCONJ	_	_	_	_	_	@lah1929f-words#@lah1929f#3681.606#3681.919
372	ты	ты	PRON	_	Case=Nom|Number=Sing|Person=2	_	_	_	@lah1929f-words#@lah1929f#3681.919#3682.232
373	его	он	PRON	_	Case=Acc|Gender=Masc|Number=Sing|Person=3	_	_	_	@lah1929f-words#@lah1929f#3682.232#3682.545
374	видела	видеть	VERB	_	Aspect=Imp|Gender=Fem|Mood=Ind|Number=Sing|Tense=Past|VerbForm=Fin|Voice=Act	_	_	_	@lah1929f-words#@lah1929f#3682.545#3682.858
375	?	?	PUNCT	_	_	_	_	_	@lah1929f-words#@lah1929f#3682.858#3683.171
376	/	/	PUNCT	_	_	_	_	_	@lah1929f-words#@lah1929f#3683.171#3683.484
377	нет	нет	PART	_	_	_	_	_	@lah1929f-words#@lah1929f#3683.484#3683.797
378	/	/	PUNCT	_	_	_	_	_	@lah1929f-words#@lah1929f#3683.797#3684.11
379	никто	никто	PRON	_	Case=Nom	_	_	_	@lah1929f-words#@lah1929f#3684.11#3684.423
380	/	/	PUNCT	_	_	_	_	_	@lah1929f-words#@lah1929f#3684.423#3684.736
381	сколько	сколько	ADV	_	_	_	_	_	@lah1929f-words#@lah1929f#3684.736#3685.049
382	бы	бы	PART	_	_	_	_	_	@lah1929f-words#@lah1929f#3685.049#3685.362
383	ни	ни	PART	_	_	_	_	_	@lah1929f-words#@lah1929f#3685.362#3685.675
384	сидел	сидеть	VERB	_	Aspect=Imp|Gender=Masc|Mood=Ind|Number=Sing|Tense=Past|VerbForm=Fin|Voice=Act	_	_	_	@lah1929f-words#@lah1929f#3685.675#3685.988
385	ни	ни	PART	_	_	_	_	_	@lah1929f-words#@lah1929f#3685.988#3686.301
386	видел	видеть	VERB	_	Aspect=Imp|Gender=Masc|Mood=Ind|Number=Sing|Tense=Past|VerbForm=Fin|Voice=Act	_	_	_	@lah1929f-words#@lah1929f#3686.301#3686.629
387	но	но	CCONJ	_	_	_	_	_	@lah1929f-words#@lah1929f#3687.125#3687.615
388	был	быть	AUX	_	Aspect=Imp|Gender=Masc|Mood=Ind|Number=Sing|Tense=Past|VerbForm=Fin|Voice=Act	_	_	_	@lah1929f-words#@lah1929f#3687.615#3688.105
389	подполковник	подполковник	NOUN	_	Animacy=Anim|Case=Nom|Gender=Masc|Number=Sing	_	_	_	@lah1929f-words#@lah1929f#3688.105#3688.595
390	/	/	PUNCT	_	_	_	_	_	@lah1929f-words#@lah1929f#3688.595#3689.085
391	Купцов	Купцов	PROPN	_	Animacy=Anim|Case=Nom|Gender=Masc|Number=Sing	_	_	_	@lah1929f-words#@lah1929f#3689.085#3689.575
392	/	/	PUNCT	_	_	_	_	_	@lah1929f-words#@lah1929f#3689.575#3690.065
393	начальник	начальник	NOUN	_	Animacy=Anim|Case=Nom|Gender=Masc|Number=Sing	_	_	_	@lah1929f-words#@lah1929f#3690.065#3690.555
394	особого	особый	ADJ	_	Case=Gen|Degree=Pos|Gender=Masc|Number=Sing	_	_	_	@lah1929f-words#@lah1929f#3690.555#3691.045
395	отдела	отдел	NOUN	_	Animacy=Inan|Case=Gen|Gender=Masc|Number=Sing	_	_	_	@lah1929f-words#@lah1929f#3691.045#3691.535
396	/	/	PUNCT	_	_	_	_	_	@lah1929f-words#@lah1929f#3691.535#3692.025
397	и	и	CCONJ	_	_	_	_	_	@lah1929f-words#@lah1929f#3692.025#3692.515
398	за	за	ADP	_	_	_	_	_	@lah1929f-words#@lah1929f#3692.515#3693.005
399	/	/	PUNCT	_	_	_	_	_	@lah1929f-words#@lah1929f#3693.005#3693.495
400	разрешением	разрешение	NOUN	_	Animacy=Inan|Case=Ins|Gender=Neut|Number=Sing	_	_	_	@lah1929f-words#@lah1929f#3693.495#3693.985
401	на	на	ADP	_	_	_	_	_	@lah1929f-words#@lah1929f#3693.985#3694.475
402	свидание	свидание	NOUN	_	Animacy=Inan|Case=Acc|Gender=Neut|Number=Sing	_	_	_	@lah1929f-words#@lah1929f#3694.475#3694.965
403	ну	ну	PART	_	_	_	_	_	@lah1929f-words#@lah1929f#3694.965#3695.455
404	/	/	PUNCT	_	_	_	_	_	@lah1929f-words#@lah1929f#3695.455#3695.945
405	вот	вот	PART	_	_	_	_	_	\@lah1929f-words#@lah1929f#3695.945#3696.435
406	мой	мой	DET	_	Case=Nom|Gender=Masc|Number=Sing	_	_	_	\@lah1929f-words#@lah1929f#3696.435#3696.925
407	отчим	отчим	NOUN	_	Animacy=Anim|Case=Nom|Gender=Masc|Number=Sing	_	_	_	@lah1929f-words#@lah1929f#3696.925#3697.415
408	пошел	пойти	VERB	_	Aspect=Perf|Gender=Masc|Mood=Ind|Number=Sing|Tense=Past|VerbForm=Fin|Voice=Act	_	_	_	@lah1929f-words#@lah1929f#3697.415#3697.905
409	туда	туда	ADV	_	Degree=Pos	_	_	_	@lah1929f-words#@lah1929f#3697.905#3698.4
410	ну	ну	PART	_	_	_	_	_	@lah1929f-words#@lah1929f#3699.8#3700.666
411	так	так	ADV	_	Degree=Pos	_	_	_	@lah1929f-words#@lah1929f#3700.666#3701.532
412	настороженно	настороженно	ADV	_	Degree=Pos	_	_	_	@lah1929f-words#@lah1929f#3701.532#3702.398
413	/	/	PUNCT	_	_	_	_	_	@lah1929f-words#@lah1929f#3702.398#3703.264
414	этот	этот	DET	_	Case=Nom|Gender=Masc|Number=Sing	_	_	_	@lah1929f-words#@lah1929f#3703.264#3704.13
415	полковник	полковник	NOUN	_	Animacy=Anim|Case=Nom|Gender=Masc|Number=Sing	_	_	_	@lah1929f-words#@lah1929f#3704.13#3704.996
416	а	а	CCONJ	_	_	_	_	_	@lah1929f-words#@lah1929f#3704.996#3705.862
417	дочь	дочь	NOUN	_	Animacy=Anim|Case=Nom|Gender=Fem|Number=Sing	_	_	_	@lah1929f-words#@lah1929f#3705.862#3706.728
418	сидит	сидеть	VERB	_	Aspect=Imp|Mood=Ind|Number=Sing|Person=3|Tense=Pres|VerbForm=Fin|Voice=Act	_	_	_	@lah1929f-words#@lah1929f#3706.728#3707.6
419	ну	ну	PART	_	_	_	_	_	@lah1929f-words#@lah1929f#3708.6#3709.051
420	правда	правда	PART	_	Degree=Pos	_	_	_	@lah1929f-words#@lah1929f#3709.051#3709.502
421	/	/	PUNCT	_	_	_	_	_	@lah1929f-words#@lah1929f#3709.502#3709.953
422	я	я	PRON	_	Case=Nom|Number=Sing|Person=1	_	_	_	@lah1929f-words#@lah1929f#3709.953#3710.404
423	/	/	PUNCT	_	_	_	_	_	@lah1929f-words#@lah1929f#3710.404#3710.855
424	не	не	PART	_	_	_	_	_	@lah1929f-words#@lah1929f#3710.855#3711.306
425	удочерена	удочерить	VERB	_	Aspect=Perf|Gender=Fem|Number=Sing|Tense=Past|Variant=Short|VerbForm=Part|Voice=Pass	_	_	_	@lah1929f-words#@lah1929f#3711.306#3711.757
426	была	быть	AUX	_	Aspect=Imp|Gender=Fem|Mood=Ind|Number=Sing|Tense=Past|VerbForm=Fin|Voice=Act	_	_	_	@lah1929f-words#@lah1929f#3711.757#3712.208
427	потому	потому	ADV	_	Degree=Pos	_	_	_	@lah1929f-words#@lah1929f#3712.208#3712.659
428	что	что	SCONJ	_	_	_	_	_	@lah1929f-words#@lah1929f#3712.659#3713.11
429	мой	мой	DET	_	Case=Nom|Gender=Masc|Number=Sing	_	_	_	@lah1929f-words#@lah1929f#3713.11#3713.561
430	родной	родной	ADJ	_	Case=Nom|Degree=Pos|Gender=Masc|Number=Sing	_	_	_	@lah1929f-words#@lah1929f#3713.561#3714.012
431	отец	отец	NOUN	_	Animacy=Anim|Case=Nom|Gender=Masc|Number=Sing	_	_	_	@lah1929f-words#@lah1929f#3714.012#3714.463
432	тот	тот	DET	_	Case=Nom|Gender=Masc|Number=Sing	_	_	_	@lah1929f-words#@lah1929f#3714.463#3714.914
433	был	быть	AUX	_	Aspect=Imp|Gender=Masc|Mood=Ind|Number=Sing|Tense=Past|VerbForm=Fin|Voice=Act	_	_	_	@lah1929f-words#@lah1929f#3714.914#3715.365
434	вообще	вообще	ADV	_	Degree=Pos	_	_	_	@lah1929f-words#@lah1929f#3715.365#3715.816
435	генерал	генерал	NOUN	_	Animacy=Anim|Case=Nom|Gender=Masc|Number=Sing	_	_	_	@lah1929f-words#@lah1929f#3715.816#3716.267
436	он	он	PRON	_	Case=Nom|Gender=Masc|Number=Sing|Person=3	_	_	_	@lah1929f-words#@lah1929f#3716.267#3716.718
437	/	/	PUNCT	_	_	_	_	_	@lah1929f-words#@lah1929f#3716.718#3717.169
438	не	не	PART	_	_	_	_	_	@lah1929f-words#@lah1929f#3717.169#3717.62
439	давал	давать	VERB	_	Aspect=Imp|Gender=Masc|Mood=Ind|Number=Sing|Tense=Past|VerbForm=Fin|Voice=Act	_	_	_	@lah1929f-words#@lah1929f#3717.62#3718.071
440	маме	мама	NOUN	_	Animacy=Anim|Case=Dat|Gender=Fem|Number=Sing	_	_	_	@lah1929f-words#@lah1929f#3718.071#3718.522
441	развод	развод	NOUN	_	Animacy=Inan|Case=Acc|Gender=Masc|Number=Sing	_	_	_	@lah1929f-words#@lah1929f#3718.522#3718.98
442	и	и	CCONJ	_	_	_	_	_	@lah1929f-words#@lah1929f#3720.45#3720.918
443	поэтому	поэтому	ADV	_	Degree=Pos	_	_	_	@lah1929f-words#@lah1929f#3720.918#3721.386
444	/	/	PUNCT	_	_	_	_	_	@lah1929f-words#@lah1929f#3721.386#3721.854
445	тут	тут	ADV	_	Degree=Pos	_	_	_	@lah1929f-words#@lah1929f#3721.854#3722.322
446	/	/	PUNCT	_	_	_	_	_	@lah1929f-words#@lah1929f#3722.322#3722.79
447	возникает	возникать	VERB	_	Aspect=Imp|Mood=Ind|Number=Sing|Person=3|Tense=Pres|VerbForm=Fin|Voice=Act	_	_	_	@lah1929f-words#@lah1929f#3722.79#3723.258
448	с	с	ADP	_	_	_	_	_	@lah1929f-words#@lah1929f#3723.258#3723.726
449	отчеством	отчество	NOUN	_	Animacy=Inan|Case=Ins|Gender=Neut|Number=Sing	_	_	_	@lah1929f-words#@lah1929f#3723.726#3724.2
450	но	но	CCONJ	_	_	_	_	_	@lah1929f-words#@lah1929f#3725.397#3725.817
451	они	они	PRON	_	Case=Nom|Number=Plur|Person=3	_	_	_	@lah1929f-words#@lah1929f#3725.817#3726.237
452	как-то	как-то	ADV	_	Degree=Pos	_	_	_	@lah1929f-words#@lah1929f#3726.237#3726.657
453	быстро	быстро	ADV	_	Degree=Pos	_	_	_	@lah1929f-words#@lah1929f#3726.657#3727.077
454	нашли	найти	VERB	_	Aspect=Perf|Mood=Ind|Number=Plur|Tense=Past|VerbForm=Fin|Voice=Act	_	_	_	@lah1929f-words#@lah1929f#3727.077#3727.497
455	/	/	PUNCT	_	_	_	_	_	@lah1929f-words#@lah1929f#3727.497#3727.917
456	общий	общий	ADJ	_	Animacy=Inan|Case=Acc|Degree=Pos|Gender=Masc|Number=Sing	_	_	_	@lah1929f-words#@lah1929f#3727.917#3728.337
457	язык	язык	NOUN	_	Animacy=Inan|Case=Acc|Gender=Masc|Number=Sing	_	_	_	@lah1929f-words#@lah1929f#3728.337#3728.757
458	/	/	PUNCT	_	_	_	_	_	@lah1929f-words#@lah1929f#3728.757#3729.177
459	потому	потому	ADV	_	Degree=Pos	_	_	_	@lah1929f-words#@lah1929f#3729.177#3729.597
460	что	что	SCONJ	_	_	_	_	_	@lah1929f-words#@lah1929f#3729.597#3730.017
461	воевали	воевать	VERB	_	Aspect=Imp|Mood=Ind|Number=Plur|Tense=Past|VerbForm=Fin|Voice=Act	_	_	_	@lah1929f-words#@lah1929f#3730.017#3730.437
462	/	/	PUNCT	_	_	_	_	_	@lah1929f-words#@lah1929f#3730.437#3730.857
463	вместе	вместе	ADV	_	Degree=Pos	_	_	_	@lah1929f-words#@lah1929f#3730.857#3731.277
464	на	на	ADP	_	_	_	_	_	@lah1929f-words#@lah1929f#3731.277#3731.697
465	калиниском	калиниский	ADJ	_	Case=Loc|Degree=Pos|Gender=Masc|Number=Sing	_	_	_	@lah1929f-words#@lah1929f#3731.697#3732.117
466	фронте	фронт	NOUN	_	Animacy=Inan|Case=Loc|Gender=Masc|Number=Sing	_	_	_	@lah1929f-words#@lah1929f#3732.117#3732.537
467	/	/	PUNCT	_	_	_	_	_	@lah1929f-words#@lah1929f#3732.537#3732.957
468	вот	вот	PART	_	_	_	_	_	@lah1929f-words#@lah1929f#3732.957#3733.377
469	/	/	PUNCT	_	_	_	_	_	@lah1929f-words#@lah1929f#3733.377#3733.797
470	одно	один	NUM	_	Case=Nom|Gender=Neut	_	_	_	@lah1929f-words#@lah1929f#3733.797#3734.217
471	соединение	соединение	NOUN	_	Animacy=Inan|Case=Nom|Gender=Neut|Number=Sing	_	_	_	@lah1929f-words#@lah1929f#3734.217#3734.637
472	/	/	PUNCT	_	_	_	_	_	@lah1929f-words#@lah1929f#3734.637#3735.057
473	и	и	CCONJ	_	_	_	_	_	@lah1929f-words#@lah1929f#3735.057#3735.477
474	у	у	ADP	_	_	_	_	_	@lah1929f-words#@lah1929f#3735.477#3735.897
475	них	они	PRON	_	Case=Gen|Number=Plur|Person=3	_	_	_	@lah1929f-words#@lah1929f#3735.897#3736.317
476	масса	масса	NOUN	_	Animacy=Inan|Case=Nom|Gender=Fem|Number=Sing	_	_	_	@lah1929f-words#@lah1929f#3736.317#3736.737
477	знакомых	знакомый	NOUN	_	Animacy=Anim|Case=Gen|Gender=Masc|Number=Plur	_	_	_	@lah1929f-words#@lah1929f#3736.737#3737.157
478	/	/	PUNCT	_	_	_	_	_	@lah1929f-words#@lah1929f#3737.157#3737.577
479	общих	общий	ADJ	_	Case=Gen|Degree=Pos|Number=Plur	_	_	_	@lah1929f-words#@lah1929f#3737.577#3738.0
480	Купцов	Купцов	PROPN	_	Animacy=Anim|Case=Nom|Gender=Masc|Number=Sing	_	_	_	@lah1929f-words#@lah1929f#3738.688#3739.188
481	/	/	PUNCT	_	_	_	_	_	@lah1929f-words#@lah1929f#3739.188#3739.688
482	открыл	открыть	VERB	_	Aspect=Perf|Gender=Masc|Mood=Ind|Number=Sing|Tense=Past|VerbForm=Fin|Voice=Act	_	_	_	@lah1929f-words#@lah1929f#3739.688#3740.188
483	бутылку	бутылка	NOUN	_	Animacy=Inan|Case=Acc|Gender=Fem|Number=Sing	_	_	_	@lah1929f-words#@lah1929f#3740.188#3740.688
484	коньяка	коньяк	NOUN	_	Animacy=Inan|Case=Gen|Gender=Masc|Number=Sing	_	_	_	@lah1929f-words#@lah1929f#3740.688#3741.188
485	/	/	PUNCT	_	_	_	_	_	@lah1929f-words#@lah1929f#3741.188#3741.688
486	они	они	PRON	_	Case=Nom|Number=Plur|Person=3	_	_	_	@lah1929f-words#@lah1929f#3741.688#3742.188
487	выпили	выпить	VERB	_	Aspect=Perf|Mood=Ind|Number=Plur|Tense=Past|VerbForm=Fin|Voice=Act	_	_	_	@lah1929f-words#@lah1929f#3742.188#3742.688
488	мой	мой	DET	_	Case=Nom|Gender=Masc|Number=Sing	_	_	_	@lah1929f-words#@lah1929f#3743.2#3743.533
489	отец	отец	NOUN	_	Animacy=Anim|Case=Nom|Gender=Masc|Number=Sing	_	_	_	@lah1929f-words#@lah1929f#3743.533#3743.866
490	приехал	приехать	VERB	_	Aspect=Perf|Gender=Masc|Mood=Ind|Number=Sing|Tense=Past|VerbForm=Fin|Voice=Act	_	_	_	@lah1929f-words#@lah1929f#3743.866#3744.199
491	утром	утром	ADV	_	Degree=Pos	_	_	_	@lah1929f-words#@lah1929f#3744.199#3744.532
492	/	/	PUNCT	_	_	_	_	_	@lah1929f-words#@lah1929f#3744.532#3744.865
493	у	у	ADP	_	_	_	_	_	@lah1929f-words#@lah1929f#3744.865#3745.198
494	меня	я	PRON	_	Case=Gen|Number=Sing|Person=1	_	_	_	@lah1929f-words#@lah1929f#3745.198#3745.531
495	он	он	PRON	_	Case=Nom|Gender=Masc|Number=Sing|Person=3	_	_	_	@lah1929f-words#@lah1929f#3745.531#3745.864
496	был	быть	AUX	_	Aspect=Imp|Gender=Masc|Mood=Ind|Number=Sing|Tense=Past|VerbForm=Fin|Voice=Act	_	_	_	@lah1929f-words#@lah1929f#3745.864#3746.197
497	вечером	вечером	ADV	_	Degree=Pos	_	_	_	@lah1929f-words#@lah1929f#3746.197#3746.53
498	/	/	PUNCT	_	_	_	_	_	@lah1929f-words#@lah1929f#3746.53#3746.863
499	уже	уже	ADV	_	Degree=Pos	_	_	_	@lah1929f-words#@lah1929f#3746.863#3747.196
500	хорошо	хорошо	ADV	_	Degree=Pos	_	_	_	@lah1929f-words#@lah1929f#3747.196#3747.529
501	подшофе	подшофе	PRED	_	_	_	_	_	@lah1929f-words#@lah1929f#3747.529#3747.862
502	подшофе	подшофе	PRED	_	_	_	_	_	@lah1929f-words#@lah1929f#3747.862#3748.2
503	и	и	CCONJ	_	_	_	_	_	@lah1929f-words#@lah1929f#3748.701#3749.007
504	они	они	PRON	_	Case=Nom|Number=Plur|Person=3	_	_	_	@lah1929f-words#@lah1929f#3749.007#3749.313
505	мою	мой	DET	_	Case=Acc|Gender=Fem|Number=Sing	_	_	_	@lah1929f-words#@lah1929f#3749.313#3749.619
506	судьбу	судьба	NOUN	_	Animacy=Inan|Case=Acc|Gender=Fem|Number=Sing	_	_	_	@lah1929f-words#@lah1929f#3749.619#3749.925
507	решили	решить	VERB	_	Aspect=Perf|Mood=Ind|Number=Plur|Tense=Past|VerbForm=Fin|Voice=Act	_	_	_	@lah1929f-words#@lah1929f#3749.925#3750.231
508	что	что	SCONJ	_	_	_	_	_	@lah1929f-words#@lah1929f#3751.777#3752.126
509	она	она	PRON	_	Case=Nom|Gender=Fem|Number=Sing|Person=3	_	_	_	@lah1929f-words#@lah1929f#3752.126#3752.475
510	умеет	уметь	VERB	_	Aspect=Imp|Mood=Ind|Number=Sing|Person=3|Tense=Pres|VerbForm=Fin|Voice=Act	_	_	_	@lah1929f-words#@lah1929f#3752.475#3752.824
511	?	?	PUNCT	_	_	_	_	_	@lah1929f-words#@lah1929f#3752.824#3753.173
512	/	/	PUNCT	_	_	_	_	_	@lah1929f-words#@lah1929f#3753.173#3753.522
513	спросил	спросить	VERB	_	Aspect=Perf|Gender=Masc|Mood=Ind|Number=Sing|Tense=Past|VerbForm=Fin|Voice=Act	_	_	_	@lah1929f-words#@lah1929f#3753.522#3753.871
514	тот	тот	DET	_	Case=Nom|Gender=Masc|Number=Sing	_	_	_	@lah1929f-words#@lah1929f#3753.871#3754.222
515	он	он	PRON	_	Case=Nom|Gender=Masc|Number=Sing|Person=3	_	_	_	@lah1929f-words#@lah1929f#3755.027#3755.348
516	говорит	говорить	VERB	_	Aspect=Imp|Mood=Ind|Number=Sing|Person=3|Tense=Pres|VerbForm=Fin|Voice=Act	_	_	_	@lah1929f-words#@lah1929f#3755.348#3755.669
517	ничего	ничто	PRON	_	Case=Gen	_	_	_	@lah1929f-words#@lah1929f#3755.669#3755.99
518	она	она	PRON	_	Case=Nom|Gender=Fem|Number=Sing|Person=3	_	_	_	@lah1929f-words#@lah1929f#3755.99#3756.311
519	не	не	PART	_	_	_	_	_	@lah1929f-words#@lah1929f#3756.311#3756.632
520	умеет	уметь	VERB	_	Aspect=Imp|Mood=Ind|Number=Sing|Person=3|Tense=Pres|VerbForm=Fin|Voice=Act	_	_	_	@lah1929f-words#@lah1929f#3756.632#3756.956
521	что	что	PRON	_	Case=Nom	_	_	_	@lah1929f-words#@lah1929f#3757.833#3758.142
522	в	в	ADP	_	_	_	_	_	@lah1929f-words#@lah1929f#3758.142#3758.451
523	таком	такой	DET	_	Case=Loc|Gender=Masc|Number=Sing	_	_	_	@lah1929f-words#@lah1929f#3758.451#3758.76
524	возрасте	возраст	NOUN	_	Animacy=Inan|Case=Loc|Gender=Masc|Number=Sing	_	_	_	@lah1929f-words#@lah1929f#3758.76#3759.069
525	можно	можно	PRED	_	_	_	_	_	@lah1929f-words#@lah1929f#3759.069#3759.378
526	уметь	уметь	VERB	_	Aspect=Imp|VerbForm=Inf|Voice=Act	_	_	_	@lah1929f-words#@lah1929f#3759.378#3759.687
527	?	?	PUNCT	_	_	_	_	_	@lah1929f-words#@lah1929f#3759.687#3759.999
528	ну	ну	PART	_	_	_	_	_	@lah1929f-words#@lah1929f#3761.0#3761.291
529	что-то	что-то	PRON	_	Case=Acc	_	_	_	@lah1929f-words#@lah1929f#3761.291#3761.582
530	/	/	PUNCT	_	_	_	_	_	@lah1929f-words#@lah1929f#3761.582#3761.873
531	она	она	PRON	_	Case=Nom|Gender=Fem|Number=Sing|Person=3	_	_	_	@lah1929f-words#@lah1929f#3761.873#3762.164
532	может	мочь	VERB	_	Aspect=Imp|Mood=Ind|Number=Sing|Person=3|Tense=Pres|VerbForm=Fin|Voice=Act	_	_	_	@lah1929f-words#@lah1929f#3762.164#3762.455
533	?	?	PUNCT	_	_	_	_	_	@lah1929f-words#@lah1929f#3762.455#3762.746
534	а	а	CCONJ	_	_	_	_	_	@lah1929f-words#@lah1929f#3762.746#3763.069
535	да	да	PART	_	_	_	_	_	@lah1929f-words#@lah1929f#3763.069#3763.392
536	/	/	PUNCT	_	_	_	_	_	@lah1929f-words#@lah1929f#3763.392#3763.715
537	она	она	PRON	_	Case=Nom|Gender=Fem|Number=Sing|Person=3	_	_	_	@lah1929f-words#@lah1929f#3763.715#3764.038
538	у	у	ADP	_	_	_	_	_	@lah1929f-words#@lah1929f#3764.038#3764.361
539	нас	мы	PRON	_	Case=Gen|Number=Plur|Person=1	_	_	_	@lah1929f-words#@lah1929f#3764.361#3764.684
540	артистка	артистка	NOUN	_	Animacy=Anim|Case=Nom|Gender=Fem|Number=Sing	_	_	_	@lah1929f-words#@lah1929f#3764.684#3765.013
541	а	а	CCONJ	_	_	_	_	_	@lah1929f-words#@lah1929f#3765.207#3765.525
542	у	у	ADP	_	_	_	_	_	@lah1929f-words#@lah1929f#3765.525#3765.843
543	нас	мы	PRON	_	Case=Gen|Number=Plur|Person=1	_	_	_	@lah1929f-words#@lah1929f#3765.843#3766.161
544	есть	быть	VERB	_	Aspect=Imp|Mood=Ind|Number=Sing|Person=3|Tense=Pres|VerbForm=Fin|Voice=Act	_	_	_	@lah1929f-words#@lah1929f#3766.161#3766.479
545	театр	театр	NOUN	_	Animacy=Inan|Case=Nom|Gender=Masc|Number=Sing	_	_	_	@lah1929f-words#@lah1929f#3766.479#3766.8
546	и	и	CCONJ	_	_	_	_	_	@lah1929f-words#@lah1929f#3767.629#3767.948
547	они	они	PRON	_	Case=Nom|Number=Plur|Person=3	_	_	_	@lah1929f-words#@lah1929f#3767.948#3768.267
548	/	/	PUNCT	_	_	_	_	_	@lah1929f-words#@lah1929f#3768.267#3768.586
549	решили	решить	VERB	_	Aspect=Perf|Mood=Ind|Number=Plur|Tense=Past|VerbForm=Fin|Voice=Act	_	_	_	@lah1929f-words#@lah1929f#3768.586#3768.905
550	что	что	SCONJ	_	_	_	_	_	@lah1929f-words#@lah1929f#3768.905#3769.224
551	я	я	PRON	_	Case=Nom|Number=Sing|Person=1	_	_	_	@lah1929f-words#@lah1929f#3769.224#3769.543
552	иду	идти	VERB	_	Aspect=Imp|Mood=Ind|Number=Sing|Person=1|Tense=Pres|VerbForm=Fin|Voice=Act	_	_	_	@lah1929f-words#@lah1929f#3769.543#3769.862
553	в	в	ADP	_	_	_	_	_	@lah1929f-words#@lah1929f#3769.862#3770.181
554	театр	театр	NOUN	_	Animacy=Inan|Case=Acc|Gender=Masc|Number=Sing	_	_	_	@lah1929f-words#@lah1929f#3770.181#3770.5
555	ну	ну	PART	_	_	_	_	_	@lah1929f-words#@lah1929f#3789.0#3790.0
556	отец	отец	NOUN	_	Animacy=Anim|Case=Nom|Gender=Masc|Number=Sing	_	_	_	@lah1929f-words#@lah1929f#3790.0#3790.42
557	сказал	сказать	VERB	_	Aspect=Perf|Gender=Masc|Mood=Ind|Number=Sing|Tense=Past|VerbForm=Fin|Voice=Act	_	_	_	@lah1929f-words#@lah1929f#3790.42#3790.84
558	хорошо	хорошо	ADV	_	Degree=Pos	_	_	_	@lah1929f-words#@lah1929f#3790.84#3791.26
559	бы	бы	AUX	_	_	_	_	_	@lah1929f-words#@lah1929f#3791.26#3791.68
560	ее	она	PRON	_	Case=Acc|Gender=Fem|Number=Sing|Person=3	_	_	_	@lah1929f-words#@lah1929f#3791.68#3792.1
561	на	на	ADP	_	_	_	_	_	@lah1929f-words#@lah1929f#3792.1#3792.52
562	месяц	месяц	NOUN	_	Animacy=Inan|Case=Acc|Gender=Masc|Number=Sing	_	_	_	@lah1929f-words#@lah1929f#3792.52#3792.94
563	/	/	PUNCT	_	_	_	_	_	@lah1929f-words#@lah1929f#3792.94#3793.36
564	на	на	ADP	_	_	_	_	_	@lah1929f-words#@lah1929f#3793.36#3793.78
565	общий	общий	ADJ	_	Animacy=Inan|Case=Acc|Degree=Pos|Gender=Masc|Number=Sing	_	_	_	@lah1929f-words#@lah1929f#3793.78#3794.2
566	но	но	CCONJ	_	_	_	_	_	@lah1929f-words#@lah1929f#3794.8#3795.229
567	я	я	PRON	_	Case=Nom|Number=Sing|Person=1	_	_	_	@lah1929f-words#@lah1929f#3795.229#3795.658
568	весила	весить	VERB	_	Aspect=Imp|Gender=Fem|Mood=Ind|Number=Sing|Tense=Past|VerbForm=Fin|Voice=Act	_	_	_	@lah1929f-words#@lah1929f#3795.658#3796.087
569	47	47	NUM	_	_	_	_	_	@lah1929f-words#@lah1929f#3796.087#3796.516
570	килограммов	килограмм	NOUN	_	Animacy=Inan|Case=Gen|Gender=Masc|Number=Plur	_	_	_	@lah1929f-words#@lah1929f#3796.516#3796.945
571	/	/	PUNCT	_	_	_	_	_	@lah1929f-words#@lah1929f#3796.945#3797.374
572	куда	куда	ADV	_	Degree=Pos	_	_	_	@lah1929f-words#@lah1929f#3797.374#3797.803
573	меня	я	PRON	_	Case=Acc|Number=Sing|Person=1	_	_	_	@lah1929f-words#@lah1929f#3797.803#3798.232
574	на	на	ADP	_	_	_	_	_	@lah1929f-words#@lah1929f#3798.232#3798.661
575	общий	общий	ADJ	_	Animacy=Inan|Case=Acc|Degree=Pos|Gender=Masc|Number=Sing	_	_	_	@lah1929f-words#@lah1929f#3798.661#3799.09
576	/	/	PUNCT	_	_	_	_	_	@lah1929f-words#@lah1929f#3799.09#3799.519
577	господи	господи	INTJ	_	_	_	_	_	@lah1929f-words#@lah1929f#3799.519#3799.948
578	ну	ну	PART	_	_	_	_	_	@lah1929f-words#@lah1929f#3800.409#3800.851
579	так	так	ADV	_	Degree=Pos	_	_	_	@lah1929f-words#@lah1929f#3800.851#3801.293
580	/	/	PUNCT	_	_	_	_	_	@lah1929f-words#@lah1929f#3801.293#3801.735
581	мм	мм	INTJ	_	_	_	_	_	@lah1929f-words#@lah1929f#3801.735#3802.177
582	/	/	PUNCT	_	_	_	_	_	@lah1929f-words#@lah1929f#3802.177#3802.619
583	это	это	PRON	_	Animacy=Inan|Case=Acc|Gender=Neut|Number=Sing	_	_	_	@lah1929f-words#@lah1929f#3802.619#3803.061
584	он	он	PRON	_	Case=Nom|Gender=Masc|Number=Sing|Person=3	_	_	_	@lah1929f-words#@lah1929f#3803.061#3803.503
585	мне	я	PRON	_	Case=Dat|Number=Sing|Person=1	_	_	_	@lah1929f-words#@lah1929f#3803.503#3803.945
586	когда	когда	SCONJ	_	_	_	_	_	@lah1929f-words#@lah1929f#3803.945#3804.387
587	пересказывал	пересказывать	VERB	_	Aspect=Imp|Gender=Masc|Mood=Ind|Number=Sing|Tense=Past|VerbForm=Fin|Voice=Act	_	_	_	@lah1929f-words#@lah1929f#3804.387#3804.829
588	/	/	PUNCT	_	_	_	_	_	@lah1929f-words#@lah1929f#3804.829#3805.271
589	и	и	CCONJ	_	_	_	_	_	@lah1929f-words#@lah1929f#3805.271#3805.713
590	это	это	PRON	_	Animacy=Inan|Case=Nom|Gender=Neut|Number=Sing	_	_	_	@lah1929f-words#@lah1929f#3805.713#3806.155
591	единственное	единственный	ADJ	_	Case=Nom|Degree=Pos|Gender=Neut|Number=Sing	_	_	_	@lah1929f-words#@lah1929f#3806.155#3806.597
592	было	быть	AUX	_	Aspect=Imp|Gender=Neut|Mood=Ind|Number=Sing|Tense=Past|VerbForm=Fin|Voice=Act	_	_	_	@lah1929f-words#@lah1929f#3806.597#3807.039
593	/	/	PUNCT	_	_	_	_	_	@lah1929f-words#@lah1929f#3807.039#3807.481
594	свидание	свидание	NOUN	_	Animacy=Inan|Case=Nom|Gender=Neut|Number=Sing	_	_	_	@lah1929f-words#@lah1929f#3807.481#3807.923
595	/	/	PUNCT	_	_	_	_	_	@lah1929f-words#@lah1929f#3807.923#3808.365
596	без	без	ADP	_	_	_	_	_	@lah1929f-words#@lah1929f#3808.365#3808.807
597	всякой	всякий	DET	_	Case=Gen|Gender=Fem|Number=Sing	_	_	_	@lah1929f-words#@lah1929f#3808.807#3809.249
598	попки	попка	NOUN	_	Animacy=Inan|Case=Gen|Gender=Fem|Number=Sing	_	_	_	@lah1929f-words#@lah1929f#3809.249#3809.701
599	никого	никто	PRON	_	Case=Gen	_	_	_	@lah1929f-words#@lah1929f#3810.27#3810.608
600	не	не	PART	_	_	_	_	_	@lah1929f-words#@lah1929f#3810.608#3810.946
601	было	быть	VERB	_	Aspect=Imp|Gender=Neut|Mood=Ind|Number=Sing|Tense=Past|VerbForm=Fin|Voice=Act	_	_	_	@lah1929f-words#@lah1929f#3810.946#3811.284
602	мы	мы	PRON	_	Case=Nom|Number=Plur|Person=1	_	_	_	@lah1929f-words#@lah1929f#3811.284#3811.622
603	/	/	PUNCT	_	_	_	_	_	@lah1929f-words#@lah1929f#3811.622#3811.96
604	вдвоем	вдвоем	ADV	_	Degree=Pos	_	_	_	@lah1929f-words#@lah1929f#3811.96#3812.298
605	/	/	PUNCT	_	_	_	_	_	@lah1929f-words#@lah1929f#3812.298#3812.636
606	и	и	CCONJ	_	_	_	_	_	@lah1929f-words#@lah1929f#3812.636#3812.974
607	можно	можно	ADV	_	Degree=Pos	_	_	_	@lah1929f-words#@lah1929f#3812.974#3813.312
608	было	быть	AUX	_	Aspect=Imp|Gender=Neut|Mood=Ind|Number=Sing|Tense=Past|VerbForm=Fin|Voice=Act	_	_	_	@lah1929f-words#@lah1929f#3813.312#3813.65
609	все	весь	PRON	_	Animacy=Inan|Case=Acc|Gender=Neut|Number=Sing	_	_	_	@lah1929f-words#@lah1929f#3813.65#3813.988
610	все	весь	PRON	_	Animacy=Inan|Case=Acc|Gender=Neut|Number=Sing	_	_	_	@lah1929f-words#@lah1929f#3813.988#3814.326
611	все	весь	PRON	_	Animacy=Inan|Case=Acc|Gender=Neut|Number=Sing	_	_	_	@lah1929f-words#@lah1929f#3814.326#3814.664
612	рассказывать	рассказывать	VERB	_	Aspect=Imp|VerbForm=Inf|Voice=Act	_	_	_	@lah1929f-words#@lah1929f#3814.664#3815.006
613	да	да	PART	_	_	_	_	_	@lah1929f-words#@lah1929f#3816.227#3816.515
614	/	/	PUNCT	_	_	_	_	_	@lah1929f-words#@lah1929f#3816.515#3816.803
615	и	и	PART	_	_	_	_	_	@lah1929f-words#@lah1929f#3816.803#3817.091
616	так	так	ADV	_	Degree=Pos	_	_	_	@lah1929f-words#@lah1929f#3817.091#3817.379
617	я	я	PRON	_	Case=Nom|Number=Sing|Person=1	_	_	_	@lah1929f-words#@lah1929f#3817.379#3817.667
618	была	быть	AUX	_	Aspect=Imp|Gender=Fem|Mood=Ind|Number=Sing|Tense=Past|VerbForm=Fin|Voice=Act	_	_	_	@lah1929f-words#@lah1929f#3817.667#3817.955
619	/	/	PUNCT	_	_	_	_	_	@lah1929f-words#@lah1929f#3817.955#3818.243
620	на	на	ADP	_	_	_	_	_	@lah1929f-words#@lah1929f#3818.243#3818.531
621	самом	самый	ADJ	_	Case=Loc|Degree=Pos|Gender=Neut|Number=Sing	_	_	_	@lah1929f-words#@lah1929f#3818.531#3818.819
622	деле	дело	NOUN	_	Animacy=Inan|Case=Loc|Gender=Neut|Number=Sing	_	_	_	@lah1929f-words#@lah1929f#3818.819#3819.107
623	/	/	PUNCT	_	_	_	_	_	@lah1929f-words#@lah1929f#3819.107#3819.395
624	артистка	артистка	NOUN	_	Animacy=Anim|Case=Nom|Gender=Fem|Number=Sing	_	_	_	@lah1929f-words#@lah1929f#3819.395#3819.688
625	да	да	CCONJ	_	_	_	_	_	@lah1929f-words#@lah1929f#3819.935#3820.103
626	и	и	PART	_	_	_	_	_	@lah1929f-words#@lah1929f#3820.532#3821.096
627	не	не	PART	_	_	_	_	_	@lah1929f-words#@lah1929f#3821.096#3821.66
628	плохой	плохой	ADJ	_	Case=Ins|Degree=Pos|Gender=Fem|Number=Sing	_	_	_	@lah1929f-words#@lah1929f#3821.66#3822.224
629	/	/	PUNCT	_	_	_	_	_	@lah1929f-words#@lah1929f#3822.224#3822.788
630	потому	потому	ADV	_	Degree=Pos	_	_	_	@lah1929f-words#@lah1929f#3822.788#3823.352
631	что	что	SCONJ	_	_	_	_	_	@lah1929f-words#@lah1929f#3823.352#3823.916
632	когда	когда	SCONJ	_	_	_	_	_	@lah1929f-words#@lah1929f#3823.916#3824.48
633	мама	мама	NOUN	_	Animacy=Anim|Case=Nom|Gender=Fem|Number=Sing	_	_	_	@lah1929f-words#@lah1929f#3824.48#3825.044
634	приехала	приехать	VERB	_	Aspect=Perf|Gender=Fem|Mood=Ind|Number=Sing|Tense=Past|VerbForm=Fin|Voice=Act	_	_	_	@lah1929f-words#@lah1929f#3825.044#3825.608
635	/	/	PUNCT	_	_	_	_	_	@lah1929f-words#@lah1929f#3825.608#3826.172
636	получать	получать	VERB	_	Aspect=Imp|VerbForm=Inf|Voice=Act	_	_	_	@lah1929f-words#@lah1929f#3826.172#3826.736
637	разрешение	разрешение	NOUN	_	Animacy=Inan|Case=Acc|Gender=Neut|Number=Sing	_	_	_	@lah1929f-words#@lah1929f#3826.736#3827.3
638	эта	этот	DET	_	Case=Nom|Gender=Fem|Number=Sing	_	_	_	@lah1929f-words#@lah1929f#3827.681#3828.096
639	тетка	тетка	NOUN	_	Animacy=Inan|Case=Nom|Gender=Fem|Number=Sing	_	_	_	@lah1929f-words#@lah1929f#3828.096#3828.511
640	которая	который	PRON	_	Case=Nom	_	_	_	@lah1929f-words#@lah1929f#3828.511#3828.926
641	там	там	ADV	_	Degree=Pos	_	_	_	@lah1929f-words#@lah1929f#3828.926#3829.341
642	сидела	сидеть	VERB	_	Aspect=Imp|Gender=Fem|Mood=Ind|Number=Sing|Tense=Past|VerbForm=Fin|Voice=Act	_	_	_	@lah1929f-words#@lah1929f#3829.341#3829.756
643	/	/	PUNCT	_	_	_	_	_	@lah1929f-words#@lah1929f#3829.756#3830.171
644	все	все	ADV	_	Degree=Pos	_	_	_	@lah1929f-words#@lah1929f#3830.171#3830.586
645	на	на	ADP	_	_	_	_	_	@lah1929f-words#@lah1929f#3830.586#3831.001
646	нее	она	PRON	_	Case=Acc|Gender=Fem|Number=Sing|Person=3	_	_	_	@lah1929f-words#@lah1929f#3831.001#3831.416
647	смотрела	смотреть	VERB	_	Aspect=Imp|Gender=Fem|Mood=Ind|Number=Sing|Tense=Past|VerbForm=Fin|Voice=Act	_	_	_	@lah1929f-words#@lah1929f#3831.416#3831.831
648	/	/	PUNCT	_	_	_	_	_	@lah1929f-words#@lah1929f#3831.831#3832.246
649	смотрела	смотреть	VERB	_	Aspect=Imp|Gender=Fem|Mood=Ind|Number=Sing|Tense=Past|VerbForm=Fin|Voice=Act	_	_	_	@lah1929f-words#@lah1929f#3832.246#3832.661
650	и	и	CCONJ	_	_	_	_	_	@lah1929f-words#@lah1929f#3832.661#3833.076
651	вздыхала	вздыхать	VERB	_	Aspect=Imp|Gender=Fem|Mood=Ind|Number=Sing|Tense=Past|VerbForm=Fin|Voice=Act	_	_	_	@lah1929f-words#@lah1929f#3833.076#3833.491
652	мама	мама	NOUN	_	Animacy=Anim|Case=Nom|Gender=Fem|Number=Sing	_	_	_	@lah1929f-words#@lah1929f#3833.491#3833.906
653	спросила	спросить	VERB	_	Aspect=Perf|Gender=Fem|Mood=Ind|Number=Sing|Tense=Past|VerbForm=Fin|Voice=Act	_	_	_	@lah1929f-words#@lah1929f#3833.906#3834.321
654	в	в	ADP	_	_	_	_	_	@lah1929f-words#@lah1929f#3834.321#3834.736
655	чем	что	PRON	_	Case=Loc	_	_	_	@lah1929f-words#@lah1929f#3834.736#3835.151
656	дело	дело	NOUN	_	Animacy=Inan|Case=Nom|Gender=Neut|Number=Sing	_	_	_	@lah1929f-words#@lah1929f#3835.151#3835.566
657	?	?	PUNCT	_	_	_	_	_	@lah1929f-words#@lah1929f#3835.566#3836.0
658	вы	вы	PRON	_	Case=Nom|Number=Plur|Person=2	_	_	_	@lah1929f-words#@lah1929f#3836.467#3836.741
659	что	что	PRON	_	Case=Nom	_	_	_	@lah1929f-words#@lah1929f#3836.741#3837.015
660	/	/	PUNCT	_	_	_	_	_	@lah1929f-words#@lah1929f#3837.015#3837.289
661	не	не	PART	_	_	_	_	_	@lah1929f-words#@lah1929f#3837.289#3837.563
662	даете	давать	VERB	_	Aspect=Imp|Mood=Ind|Number=Plur|Person=2|Tense=Pres|VerbForm=Fin|Voice=Act	_	_	_	@lah1929f-words#@lah1929f#3837.563#3837.837
663	что	что	PART	_	_	_	_	_	@lah1929f-words#@lah1929f#3837.837#3838.111
664	ли	ли	PART	_	_	_	_	_	@lah1929f-words#@lah1929f#3838.111#3838.385
665	разрешение	разрешение	NOUN	_	Animacy=Inan|Case=Acc|Gender=Neut|Number=Sing	_	_	_	@lah1929f-words#@lah1929f#3838.385#3838.659
666	?	?	PUNCT	_	_	_	_	_	@lah1929f-words#@lah1929f#3838.659#3838.941
667	как	как	ADV	_	Degree=Pos	_	_	_	@lah1929f-words#@lah1929f#3839.22#3839.625
668	же	же	PART	_	_	_	_	_	@lah1929f-words#@lah1929f#3839.625#3840.03
669	так	так	ADV	_	Degree=Pos	_	_	_	@lah1929f-words#@lah1929f#3840.03#3840.435
670	/	/	PUNCT	_	_	_	_	_	@lah1929f-words#@lah1929f#3840.435#3840.84
671	вы	вы	PRON	_	Case=Nom|Number=Plur|Person=2	_	_	_	@lah1929f-words#@lah1929f#3840.84#3841.245
672	участник	участник	NOUN	_	Animacy=Anim|Case=Nom|Gender=Masc|Number=Sing	_	_	_	@lah1929f-words#@lah1929f#3841.245#3841.65
673	/	/	PUNCT	_	_	_	_	_	@lah1929f-words#@lah1929f#3841.65#3842.055
674	войны	война	NOUN	_	Animacy=Inan|Case=Gen|Gender=Fem|Number=Sing	_	_	_	@lah1929f-words#@lah1929f#3842.055#3842.46
675	/	/	PUNCT	_	_	_	_	_	@lah1929f-words#@lah1929f#3842.46#3842.865
676	а	а	CCONJ	_	_	_	_	_	@lah1929f-words#@lah1929f#3842.865#3843.27
677	дочка-то	дочка-то	ADJ	_	Case=Nom|Degree=Pos|Gender=Fem|Number=Sing	_	_	_	@lah1929f-words#@lah1929f#3843.27#3843.675
678	а	а	INTJ	_	_	_	_	_	@lah1929f-words#@lah1929f#3844.08#3844.485
679	/	/	PUNCT	_	_	_	_	_	@lah1929f-words#@lah1929f#3844.485#3844.89
680	шпионка	шпионка	NOUN	_	Animacy=Anim|Case=Nom|Gender=Fem|Number=Sing	_	_	_	@lah1929f-words#@lah1929f#3844.89#3845.295
681	американская	американский	ADJ	_	Case=Nom|Degree=Pos|Gender=Fem|Number=Sing	_	_	_	@lah1929f-words#@lah1929f#3845.295#3845.7
682	это	это	PRON	_	Animacy=Inan|Case=Nom|Gender=Neut|Number=Sing	_	_	_	@lah1929f-words#@lah1929f#3845.87#3846.096
683	что	что	PRON	_	Case=Nom	_	_	_	@lah1929f-words#@lah1929f#3846.096#3846.322
684	за	за	ADP	_	_	_	_	_	@lah1929f-words#@lah1929f#3846.322#3846.548
685	еще	еще	PART	_	_	_	_	_	@lah1929f-words#@lah1929f#3846.548#3846.774
686	?	?	PUNCT	_	_	_	_	_	@lah1929f-words#@lah1929f#3846.774#3847.0
687	а	а	CCONJ	_	_	_	_	_	@lah1929f-words#@lah1929f#3848.591#3849.135
688	мы	мы	PRON	_	Case=Nom|Number=Plur|Person=1	_	_	_	@lah1929f-words#@lah1929f#3849.135#3849.679
689	ставили	ставить	VERB	_	Aspect=Imp|Mood=Ind|Number=Plur|Tense=Past|VerbForm=Fin|Voice=Act	_	_	_	@lah1929f-words#@lah1929f#3849.679#3850.223
690	/	/	PUNCT	_	_	_	_	_	@lah1929f-words#@lah1929f#3850.223#3850.767
691	такой	такой	DET	_	Case=Acc|Gender=Masc|Number=Sing	_	_	_	@lah1929f-words#@lah1929f#3850.767#3851.311
692	/	/	PUNCT	_	_	_	_	_	@lah1929f-words#@lah1929f#3851.311#3851.855
693	спекталь	спекталь	NOUN	_	Animacy=Inan|Case=Acc|Gender=Masc|Number=Sing	_	_	_	@lah1929f-words#@lah1929f#3851.855#3852.399
694	за	за	ADP	_	_	_	_	_	@lah1929f-words#@lah1929f#3852.399#3852.943
695	вторым	второй	ADJ	_	Case=Ins|Degree=Pos|Gender=Masc|Number=Sing	_	_	_	@lah1929f-words#@lah1929f#3852.943#3853.487
696	фронтом	фронт	NOUN	_	Animacy=Inan|Case=Ins|Gender=Masc|Number=Sing	_	_	_	@lah1929f-words#@lah1929f#3853.487#3854.031
697	в	в	ADP	_	_	_	_	_	@lah1929f-words#@lah1929f#3854.031#3854.575
698	#неразборчиво#	#неразборчиво#	X	_	_	_	_	_	@lah1929f-words#@lah1929f#3854.575#3855.119
699	/	/	PUNCT	_	_	_	_	_	@lah1929f-words#@lah1929f#3855.119#3855.663
700	где	где	ADV	_	Degree=Pos	_	_	_	@lah1929f-words#@lah1929f#3855.663#3856.207
701	/	/	PUNCT	_	_	_	_	_	@lah1929f-words#@lah1929f#3856.207#3856.751
702	боталичка	боталичка	NOUN	_	Animacy=Anim|Case=Nom|Gender=Fem|Number=Sing	_	_	_	@lah1929f-words#@lah1929f#3856.751#3857.295
703	играла	играть	VERB	_	Aspect=Imp|Gender=Fem|Mood=Ind|Number=Sing|Tense=Past|VerbForm=Fin|Voice=Act	_	_	_	@lah1929f-words#@lah1929f#3857.295#3857.839
704	/	/	PUNCT	_	_	_	_	_	@lah1929f-words#@lah1929f#3857.839#3858.383
705	советскую	советский	ADJ	_	Case=Acc|Degree=Pos|Gender=Fem|Number=Sing	_	_	_	@lah1929f-words#@lah1929f#3858.383#3858.927
706	разведчицу	разведчица	NOUN	_	Animacy=Inan|Case=Acc|Gender=Fem|Number=Sing	_	_	_	@lah1929f-words#@lah1929f#3858.927#3859.471
707	/	/	PUNCT	_	_	_	_	_	@lah1929f-words#@lah1929f#3859.471#3860.015
708	ну	ну	PART	_	_	_	_	_	@lah1929f-words#@lah1929f#3860.015#3860.559
709	а	а	CCONJ	_	_	_	_	_	@lah1929f-words#@lah1929f#3860.559#3861.103
710	я	я	PRON	_	Case=Nom|Number=Sing|Person=1	_	_	_	@lah1929f-words#@lah1929f#3861.103#3861.647
711	/	/	PUNCT	_	_	_	_	_	@lah1929f-words#@lah1929f#3861.647#3862.191
712	американскую	американский	ADJ	_	Case=Acc|Degree=Pos|Gender=Fem|Number=Sing	_	_	_	@lah1929f-words#@lah1929f#3862.191#3862.735
713	шпионку	шпионка	NOUN	_	Animacy=Inan|Case=Acc|Gender=Fem|Number=Sing	_	_	_	@lah1929f-words#@lah1929f#3862.735#3863.305
714	и	и	CCONJ	_	_	_	_	_	@lah1929f-words#@lah1929f#3863.935#3864.324
715	так	так	ADV	_	Degree=Pos	_	_	_	@lah1929f-words#@lah1929f#3864.324#3864.713
716	хорошо	хорошо	ADV	_	Degree=Pos	_	_	_	@lah1929f-words#@lah1929f#3864.713#3865.102
717	сыграла	сыграть	VERB	_	Aspect=Perf|Gender=Fem|Mood=Ind|Number=Sing|Tense=Past|VerbForm=Fin|Voice=Act	_	_	_	@lah1929f-words#@lah1929f#3865.102#3865.491
718	/	/	PUNCT	_	_	_	_	_	@lah1929f-words#@lah1929f#3865.491#3865.88
719	и	и	CCONJ	_	_	_	_	_	@lah1929f-words#@lah1929f#3865.88#3866.269
720	с	с	ADP	_	_	_	_	_	@lah1929f-words#@lah1929f#3866.269#3866.658
721	таким	такой	DET	_	Case=Ins|Gender=Masc	_	_	_	@lah1929f-words#@lah1929f#3866.658#3867.047
722	/	/	PUNCT	_	_	_	_	_	@lah1929f-words#@lah1929f#3867.047#3867.436
723	вот	вот	PART	_	_	_	_	_	@lah1929f-words#@lah1929f#3867.436#3867.825
724	на	на	ADP	_	_	_	_	_	@lah1929f-words#@lah1929f#3867.825#3868.214
725	самом	самый	ADJ	_	Case=Loc|Degree=Pos|Gender=Neut|Number=Sing	_	_	_	@lah1929f-words#@lah1929f#3868.214#3868.603
726	деле	дело	NOUN	_	Animacy=Inan|Case=Loc|Gender=Neut|Number=Sing	_	_	_	@lah1929f-words#@lah1929f#3868.603#3868.992
727	/	/	PUNCT	_	_	_	_	_	@lah1929f-words#@lah1929f#3868.992#3869.381
728	и	и	CCONJ	_	_	_	_	_	@lah1929f-words#@lah1929f#3869.381#3869.77
729	до	до	ADP	_	_	_	_	_	@lah1929f-words#@lah1929f#3869.77#3870.159
730	этого	это	PRON	_	Animacy=Inan|Case=Gen|Gender=Neut|Number=Sing	_	_	_	@lah1929f-words#@lah1929f#3870.159#3870.548
731	играла	играть	VERB	_	Aspect=Imp|Gender=Fem|Mood=Ind|Number=Sing|Tense=Past|VerbForm=Fin|Voice=Act	_	_	_	@lah1929f-words#@lah1929f#3870.548#3870.937
732	позднюю	поздний	ADJ	_	Case=Acc|Degree=Pos|Gender=Fem|Number=Sing	_	_	_	@lah1929f-words#@lah1929f#3870.937#3871.326
733	любовь	любовь	NOUN	_	Animacy=Inan|Case=Acc|Gender=Fem|Number=Sing	_	_	_	@lah1929f-words#@lah1929f#3871.326#3871.715
734	/	/	PUNCT	_	_	_	_	_	@lah1929f-words#@lah1929f#3871.715#3872.104
735	не	не	PART	_	_	_	_	_	@lah1929f-words#@lah1929f#3872.104#3872.493
736	нравилось	нравиться	VERB	_	Aspect=Imp|Gender=Neut|Mood=Ind|Number=Sing|Tense=Past|VerbForm=Fin|Voice=Mid	_	_	_	@lah1929f-words#@lah1929f#3872.493#3872.882
737	вон	вон	ADV	_	Degree=Pos	_	_	_	@lah1929f-words#@lah1929f#3872.882#3873.271
738	там	там	ADV	_	Degree=Pos	_	_	_	@lah1929f-words#@lah1929f#3873.271#3873.66
739	было	быть	VERB	_	Aspect=Imp|Gender=Neut|Mood=Ind|Number=Sing|Tense=Past|VerbForm=Fin|Voice=Act	_	_	_	@lah1929f-words#@lah1929f#3873.66#3874.049
740	/	/	PUNCT	_	_	_	_	_	@lah1929f-words#@lah1929f#3874.049#3874.438
741	но	но	CCONJ	_	_	_	_	_	@lah1929f-words#@lah1929f#3874.438#3874.827
742	надо	надо	PRED	_	_	_	_	_	@lah1929f-words#@lah1929f#3874.827#3875.216
743	было	быть	AUX	_	Aspect=Imp|Gender=Neut|Mood=Ind|Number=Sing|Tense=Past|VerbForm=Fin|Voice=Act	_	_	_	@lah1929f-words#@lah1929f#3875.216#3875.605
744	отрабатывать	отрабатывать	VERB	_	Aspect=Imp|VerbForm=Inf|Voice=Act	_	_	_	@lah1929f-words#@lah1929f#3875.605#3876.0
745	а	а	CCONJ	_	_	_	_	_	@lah1929f-words#@lah1929f#3876.974#3877.405
746	уж	уж	PART	_	_	_	_	_	@lah1929f-words#@lah1929f#3877.405#3877.836
747	Джейн-то	Джейн-то	PROPN	_	Animacy=Anim|Case=Acc|Gender=Fem|Number=Sing	_	_	_	@lah1929f-words#@lah1929f#3877.836#3878.267
748	я	я	PRON	_	Case=Nom|Number=Sing|Person=1	_	_	_	@lah1929f-words#@lah1929f#3878.698#3879.129
749	играла	играть	VERB	_	Aspect=Imp|Gender=Fem|Mood=Ind|Number=Sing|Tense=Past|VerbForm=Fin|Voice=Act	_	_	_	@lah1929f-words#@lah1929f#3879.129#3879.56
750	/	/	PUNCT	_	_	_	_	_	@lah1929f-words#@lah1929f#3879.56#3879.991
751	с	с	ADP	_	_	_	_	_	@lah1929f-words#@lah1929f#3879.991#3880.422
752	таким	такой	DET	_	Case=Ins|Gender=Neut|Number=Sing	_	_	_	@lah1929f-words#@lah1929f#3880.422#3880.853
753	наслаждением	наслаждение	NOUN	_	Animacy=Inan|Case=Ins|Gender=Neut|Number=Sing	_	_	_	@lah1929f-words#@lah1929f#3880.853#3881.285
754	и	и	CCONJ	_	_	_	_	_	@lah1929f-words#@lah1929f#3881.324#3881.836
755	вот	вот	PART	_	_	_	_	_	@lah1929f-words#@lah1929f#3881.836#3882.348
756	она	она	PRON	_	Case=Nom|Gender=Fem|Number=Sing|Person=3	_	_	_	@lah1929f-words#@lah1929f#3882.348#3882.86
757	маме	мама	NOUN	_	Animacy=Anim|Case=Dat|Gender=Fem|Number=Sing	_	_	_	@lah1929f-words#@lah1929f#3882.86#3883.372
758	рассказывает	рассказывать	VERB	_	Aspect=Imp|Mood=Ind|Number=Sing|Person=3|Tense=Pres|VerbForm=Fin|Voice=Act	_	_	_	@lah1929f-words#@lah1929f#3883.372#3883.884
759	/	/	PUNCT	_	_	_	_	_	@lah1929f-words#@lah1929f#3883.884#3884.396
760	маме	мама	NOUN	_	Animacy=Anim|Case=Dat|Gender=Fem|Number=Sing	_	_	_	@lah1929f-words#@lah1929f#3884.396#3884.908
761	рассказывает	рассказывать	VERB	_	Aspect=Imp|Mood=Ind|Number=Sing|Person=3|Tense=Pres|VerbForm=Fin|Voice=Act	_	_	_	@lah1929f-words#@lah1929f#3884.908#3885.42
762	/	/	PUNCT	_	_	_	_	_	@lah1929f-words#@lah1929f#3885.42#3885.932
763	так	так	ADV	_	Degree=Pos	_	_	_	@lah1929f-words#@lah1929f#3885.932#3886.444
764	она	она	PRON	_	Case=Nom|Gender=Fem|Number=Sing|Person=3	_	_	_	@lah1929f-words#@lah1929f#3886.444#3886.956
765	/	/	PUNCT	_	_	_	_	_	@lah1929f-words#@lah1929f#3886.956#3887.468
766	шпионка	шпионка	NOUN	_	Animacy=Anim|Case=Nom|Gender=Fem|Number=Sing	_	_	_	@lah1929f-words#@lah1929f#3887.468#3887.98
767	американская	американский	ADJ	_	Case=Nom|Degree=Pos|Gender=Fem|Number=Sing	_	_	_	@lah1929f-words#@lah1929f#3887.98#3888.492
768	/	/	PUNCT	_	_	_	_	_	@lah1929f-words#@lah1929f#3888.492#3889.004
769	из	из	ADP	_	_	_	_	_	@lah1929f-words#@lah1929f#3889.004#3889.516
770	Америки	Америка	PROPN	_	Animacy=Inan|Case=Gen|Gender=Fem|Number=Sing	_	_	_	@lah1929f-words#@lah1929f#3889.516#3890.028
771	приехала	приехать	VERB	_	Aspect=Perf|Gender=Fem|Mood=Ind|Number=Sing|Tense=Past|VerbForm=Fin|Voice=Act	_	_	_	@lah1929f-words#@lah1929f#3890.028#3890.545
772	она	она	PRON	_	Case=Nom|Gender=Fem|Number=Sing|Person=3	_	_	_	@lah1929f-words#@lah1929f#3890.616#3890.923
773	ей	она	PRON	_	Case=Dat|Gender=Fem|Number=Sing|Person=3	_	_	_	@lah1929f-words#@lah1929f#3890.923#3891.23
774	говорит	говорить	VERB	_	Aspect=Imp|Mood=Ind|Number=Sing|Person=3|Tense=Pres|VerbForm=Fin|Voice=Act	_	_	_	@lah1929f-words#@lah1929f#3891.23#3891.537
775	/	/	PUNCT	_	_	_	_	_	@lah1929f-words#@lah1929f#3891.537#3891.844
776	вы	вы	PRON	_	Case=Nom|Number=Plur|Person=2	_	_	_	@lah1929f-words#@lah1929f#3891.844#3892.151
777	вообще	вообще	ADV	_	Degree=Pos	_	_	_	@lah1929f-words#@lah1929f#3892.151#3892.458
778	в	в	ADP	_	_	_	_	_	@lah1929f-words#@lah1929f#3892.458#3892.765
779	театре	театр	NOUN	_	Animacy=Inan|Case=Loc|Gender=Masc|Number=Sing	_	_	_	@lah1929f-words#@lah1929f#3892.765#3893.072
780	то	то	PART	_	_	_	_	_	@lah1929f-words#@lah1929f#3893.072#3893.379
781	были	быть	AUX	_	Aspect=Imp|Mood=Ind|Number=Plur|Tense=Past|VerbForm=Fin|Voice=Act	_	_	_	@lah1929f-words#@lah1929f#3893.379#3893.686
782	?	?	PUNCT	_	_	_	_	_	@lah1929f-words#@lah1929f#3893.686#3894.0
783	нет	нет	PART	_	_	_	_	_	@lah1929f-words#@lah1929f#3894.0#3894.421
784	/	/	PUNCT	_	_	_	_	_	@lah1929f-words#@lah1929f#3894.421#3894.842
785	а	а	CCONJ	_	_	_	_	_	@lah1929f-words#@lah1929f#3894.842#3895.263
786	зачем	зачем	ADV	_	Degree=Pos	_	_	_	@lah1929f-words#@lah1929f#3895.263#3895.684
787	у	у	ADP	_	_	_	_	_	@lah1929f-words#@lah1929f#3895.684#3896.105
788	нас	мы	PRON	_	Case=Gen|Number=Plur|Person=1	_	_	_	@lah1929f-words#@lah1929f#3896.105#3896.526
789	свой	свой	DET	_	Case=Nom|Gender=Masc|Number=Sing	_	_	_	@lah1929f-words#@lah1929f#3896.526#3896.947
790	театр	театр	NOUN	_	Animacy=Inan|Case=Nom|Gender=Masc|Number=Sing	_	_	_	@lah1929f-words#@lah1929f#3896.947#3897.368
791	/	/	PUNCT	_	_	_	_	_	@lah1929f-words#@lah1929f#3897.368#3897.789
792	и	и	CCONJ	_	_	_	_	_	@lah1929f-words#@lah1929f#3897.789#3898.21
793	я	я	PRON	_	Case=Nom|Number=Sing|Person=1	_	_	_	@lah1929f-words#@lah1929f#3898.21#3898.631
794	видела	видеть	VERB	_	Aspect=Imp|Gender=Fem|Mood=Ind|Number=Sing|Tense=Past|VerbForm=Fin|Voice=Act	_	_	_	@lah1929f-words#@lah1929f#3898.631#3899.052
795	вашу	ваш	DET	_	Case=Acc|Gender=Fem|Number=Sing	_	_	_	@lah1929f-words#@lah1929f#3899.052#3899.473
796	дочь	дочь	NOUN	_	Animacy=Anim|Case=Acc|Gender=Fem|Number=Sing	_	_	_	@lah1929f-words#@lah1929f#3899.473#3899.894
797	/	/	PUNCT	_	_	_	_	_	@lah1929f-words#@lah1929f#3899.894#3900.315
798	она	она	PRON	_	Case=Nom|Gender=Fem|Number=Sing|Person=3	_	_	_	@lah1929f-words#@lah1929f#3900.315#3900.736
799	/	/	PUNCT	_	_	_	_	_	@lah1929f-words#@lah1929f#3900.736#3901.157
800	американская	американский	ADJ	_	Case=Nom|Degree=Pos|Gender=Fem|Number=Sing	_	_	_	@lah1929f-words#@lah1929f#3901.157#3901.578
801	шпионка	шпионка	NOUN	_	Animacy=Anim|Case=Nom|Gender=Fem|Number=Sing	_	_	_	@lah1929f-words#@lah1929f#3901.578#3902.0
802	моя	мой	DET	_	Case=Nom|Gender=Fem|Number=Sing	_	_	_	@lah1929f-words#@lah1929f#3902.289#3902.662
803	дочь	дочь	NOUN	_	Animacy=Anim|Case=Nom|Gender=Fem|Number=Sing	_	_	_	@lah1929f-words#@lah1929f#3902.662#3903.035
804	родилась	рождаться	VERB	_	Aspect=Perf|Gender=Fem|Mood=Ind|Number=Sing|Tense=Past|VerbForm=Fin|Voice=Mid	_	_	_	@lah1929f-words#@lah1929f#3903.035#3903.408
805	в	в	ADP	_	_	_	_	_	@lah1929f-words#@lah1929f#3903.408#3903.781
806	Москве	Москва	PROPN	_	Animacy=Inan|Case=Loc|Gender=Fem|Number=Sing	_	_	_	@lah1929f-words#@lah1929f#3903.781#3904.154
807	/	/	PUNCT	_	_	_	_	_	@lah1929f-words#@lah1929f#3904.154#3904.527
808	и	и	CCONJ	_	_	_	_	_	@lah1929f-words#@lah1929f#3904.527#3904.9
809	в	в	ADP	_	_	_	_	_	@lah1929f-words#@lah1929f#3904.9#3905.273
810	Америке	Америка	PROPN	_	Animacy=Inan|Case=Loc|Gender=Fem|Number=Sing	_	_	_	@lah1929f-words#@lah1929f#3905.273#3905.646
811	не	не	PART	_	_	_	_	_	@lah1929f-words#@lah1929f#3905.646#3906.019
812	была	быть	AUX	_	Aspect=Imp|Gender=Fem|Mood=Ind|Number=Sing|Tense=Past|VerbForm=Fin|Voice=Act	_	_	_	@lah1929f-words#@lah1929f#3906.019#3906.395
813	даа	да	PART	_	_	_	_	_	@lah1929f-words#@lah1929f#3907.243#3907.467
814	?	?	PUNCT	_	_	_	_	_	@lah1929f-words#@lah1929f#3907.467#3907.691
815	и	и	CCONJ	_	_	_	_	_	@lah1929f-words#@lah1929f#3908.045#3908.416
816	сидит	сидеть	VERB	_	Aspect=Imp|Mood=Ind|Number=Sing|Person=3|Tense=Pres|VerbForm=Fin|Voice=Act	_	_	_	@lah1929f-words#@lah1929f#3908.416#3908.787
817	за	за	ADP	_	_	_	_	_	@lah1929f-words#@lah1929f#3908.787#3909.158
818	любовь	любовь	NOUN	_	Animacy=Inan|Case=Acc|Gender=Fem|Number=Sing	_	_	_	@lah1929f-words#@lah1929f#3909.158#3909.529
819	правда	правда	PART	_	_	_	_	_	@lah1929f-words#@lah1929f#3909.864#3910.24
820	?	?	PUNCT	_	_	_	_	_	@lah1929f-words#@lah1929f#3910.24#3910.616
821	оо	о	INTJ	_	X	_	_	_	@lah1929f-words#@lah1929f#3911.832#3912.276
822	как	как	SCONJ	_	_	_	_	_	@lah1929f-words#@lah1929f#3912.276#3912.72
823	интересно	интересно	ADV	_	Degree=Pos	_	_	_	@lah1929f-words#@lah1929f#3912.72#3913.164
824	/	/	PUNCT	_	_	_	_	_	@lah1929f-words#@lah1929f#3913.164#3913.608
825	а	а	CCONJ	_	_	_	_	_	@lah1929f-words#@lah1929f#3913.608#3914.052
826	я	я	PRON	_	Case=Nom|Number=Sing|Person=1	_	_	_	@lah1929f-words#@lah1929f#3914.052#3914.496
827	уверена	уверенный	ADJ	_	Degree=Pos|Gender=Fem|Number=Sing|Variant=Short	_	_	_	@lah1929f-words#@lah1929f#3914.496#3914.94
828	была	быть	AUX	_	Aspect=Imp|Gender=Fem|Mood=Ind|Number=Sing|Tense=Past|VerbForm=Fin|Voice=Act	_	_	_	@lah1929f-words#@lah1929f#3914.94#3915.384
829	что	что	SCONJ	_	_	_	_	_	@lah1929f-words#@lah1929f#3915.384#3915.828
830	она	она	PRON	_	Case=Nom|Gender=Fem|Number=Sing|Person=3	_	_	_	@lah1929f-words#@lah1929f#3915.828#3916.272
831	ведь	ведь	PART	_	_	_	_	_	@lah1929f-words#@lah1929f#3916.272#3916.716
832	шпионка	шпионка	NOUN	_	Animacy=Anim|Case=Nom|Gender=Fem|Number=Sing	_	_	_	@lah1929f-words#@lah1929f#3916.716#3917.16
833	что	что	SCONJ	_	_	_	_	_	@lah1929f-words#@lah1929f#3917.424#3917.721
834	ж	же	PART	_	_	_	_	_	@lah1929f-words#@lah1929f#3917.721#3918.018
835	ей	она	PRON	_	Case=Dat|Gender=Fem|Number=Sing|Person=3	_	_	_	@lah1929f-words#@lah1929f#3918.018#3918.315
836	8	8	NUM	_	_	_	_	_	@lah1929f-words#@lah1929f#3918.315#3918.612
837	лет-то	год	NOUN	_	Animacy=Inan|Case=Gen|Gender=Masc|Number=Plur	_	_	_	@lah1929f-words#@lah1929f#3918.612#3918.909
838	дали	дать	VERB	_	Aspect=Perf|Mood=Ind|Number=Plur|Tense=Past|VerbForm=Fin|Voice=Act	_	_	_	@lah1929f-words#@lah1929f#3919.206#3919.503
839	если	если	SCONJ	_	_	_	_	_	@lah1929f-words#@lah1929f#3919.503#3919.8
840	она	она	PRON	_	Case=Nom|Gender=Fem|Number=Sing|Person=3	_	_	_	@lah1929f-words#@lah1929f#3919.8#3920.097
841	шпионка	шпионка	NOUN	_	Animacy=Anim|Case=Nom|Gender=Fem|Number=Sing	_	_	_	@lah1929f-words#@lah1929f#3920.097#3920.394
842	?	?	PUNCT	_	_	_	_	_	@lah1929f-words#@lah1929f#3920.394#3920.7
843	а	а	CCONJ	_	_	_	_	_	@lah1929f-words#@lah1929f#3921.148#3921.705
844	правда	правда	PART	_	_	_	_	_	@lah1929f-words#@lah1929f#3921.705#3922.262
845	вот	вот	PART	_	_	_	_	_	@lah1929f-words#@lah1929f#3922.637#3922.994
846	такой	такой	DET	_	Case=Nom|Gender=Masc|Number=Sing	_	_	_	@lah1929f-words#@lah1929f#3922.994#3923.351
847	уровень	уровень	NOUN	_	Animacy=Inan|Case=Nom|Gender=Masc|Number=Sing	_	_	_	@lah1929f-words#@lah1929f#3923.351#3923.708
848	был	быть	AUX	_	Aspect=Imp|Gender=Masc|Mood=Ind|Number=Sing|Tense=Past|VerbForm=Fin|Voice=Act	_	_	_	@lah1929f-words#@lah1929f#3923.708#3924.067
849	да	да	PART	_	_	_	_	_	@lah1929f-words#@lah1929f#3924.605#3925.159
850	дала	дать	VERB	_	Aspect=Perf|Gender=Fem|Mood=Ind|Number=Sing|Tense=Past|VerbForm=Fin|Voice=Act	_	_	_	@lah1929f-words#@lah1929f#3925.656#3926.212
851	маме	мама	NOUN	_	Animacy=Anim|Case=Dat|Gender=Fem|Number=Sing	_	_	_	@lah1929f-words#@lah1929f#3926.212#3926.768
852	разрешение	разрешение	NOUN	_	Animacy=Inan|Case=Acc|Gender=Neut|Number=Sing	_	_	_	@lah1929f-words#@lah1929f#3926.768#3927.326
853	мама	мама	NOUN	_	Animacy=Anim|Case=Nom|Gender=Fem|Number=Sing	_	_	_	@lah1929f-words#@lah1929f#3927.326#3927.681
854	приехала	приехать	VERB	_	Aspect=Perf|Gender=Fem|Mood=Ind|Number=Sing|Tense=Past|VerbForm=Fin|Voice=Act	_	_	_	@lah1929f-words#@lah1929f#3927.681#3928.036
855	/	/	PUNCT	_	_	_	_	_	@lah1929f-words#@lah1929f#3928.036#3928.391
856	и	и	CCONJ	_	_	_	_	_	@lah1929f-words#@lah1929f#3928.391#3928.746
857	пришла	прийти	VERB	_	Aspect=Perf|Gender=Fem|Mood=Ind|Number=Sing|Tense=Past|VerbForm=Fin|Voice=Act	_	_	_	@lah1929f-words#@lah1929f#3928.746#3929.101
858	на	на	ADP	_	_	_	_	_	@lah1929f-words#@lah1929f#3929.101#3929.456
859	свидание	свидание	NOUN	_	Animacy=Inan|Case=Acc|Gender=Neut|Number=Sing	_	_	_	@lah1929f-words#@lah1929f#3929.456#3929.811
860	и	и	CCONJ	_	_	_	_	_	@lah1929f-words#@lah1929f#3929.811#3930.166
861	говорит	говорить	VERB	_	Aspect=Imp|Mood=Ind|Number=Sing|Person=3|Tense=Pres|VerbForm=Fin|Voice=Act	_	_	_	@lah1929f-words#@lah1929f#3930.166#3930.521
862	/	/	PUNCT	_	_	_	_	_	@lah1929f-words#@lah1929f#3930.521#3930.876
863	господи	господи	INTJ	_	_	_	_	_	@lah1929f-words#@lah1929f#3930.876#3931.231
864	когда	когда	SCONJ	_	_	_	_	_	@lah1929f-words#@lah1929f#3931.231#3931.586
865	покой	покой	NOUN	_	Animacy=Inan|Case=Nom|Gender=Masc|Number=Sing	_	_	_	@lah1929f-words#@lah1929f#3931.586#3931.941
866	от	от	ADP	_	_	_	_	_	@lah1929f-words#@lah1929f#3931.941#3932.296
867	тебя	ты	PRON	_	Case=Gen|Number=Sing|Person=2	_	_	_	@lah1929f-words#@lah1929f#3932.296#3932.651
868	будет	быть	VERB	_	Aspect=Imp|Mood=Ind|Number=Sing|Person=3|Tense=Fut|VerbForm=Fin|Voice=Act	_	_	_	@lah1929f-words#@lah1929f#3932.651#3933.006
869	?	?	PUNCT	_	_	_	_	_	@lah1929f-words#@lah1929f#3933.006#3933.37
870	а	а	CCONJ	_	_	_	_	_	@lah1929f-words#@lah1929f#3934.034#3934.324
871	что	что	PRON	_	Case=Nom	_	_	_	@lah1929f-words#@lah1929f#3934.324#3934.614
872	такое	такой	DET	_	Case=Nom|Gender=Neut|Number=Sing	_	_	_	@lah1929f-words#@lah1929f#3934.614#3934.904
873	?	?	PUNCT	_	_	_	_	_	@lah1929f-words#@lah1929f#3934.904#3935.194
874	ну	ну	PART	_	_	_	_	_	@lah1929f-words#@lah1929f#3936.61#3936.895
875	что	что	PRON	_	Case=Nom	_	_	_	@lah1929f-words#@lah1929f#3936.895#3937.18
876	ж	же	PART	_	_	_	_	_	@lah1929f-words#@lah1929f#3937.18#3937.465
877	так	так	ADV	_	Degree=Pos	_	_	_	@lah1929f-words#@lah1929f#3937.465#3937.75
878	хорошо	хорошо	ADV	_	Degree=Pos	_	_	_	@lah1929f-words#@lah1929f#3937.75#3938.035
879	сыграла-то	сыграть	VERB	_	Aspect=Perf|Gender=Fem|Mood=Ind|Number=Sing|Tense=Past|VerbForm=Fin|Voice=Act	_	_	_	@lah1929f-words#@lah1929f#3938.035#3938.32
880	?	?	PUNCT	_	_	_	_	_	@lah1929f-words#@lah1929f#3938.605#3938.894
